Comment_ID,Respondent_row,Question,Comment,Role,Suggested_codes,Codes,Status,Rationale
cf11076384ec18f2dc51,2,safety_comments,Remove required questions,Staff,,,AI reviewed,Survey-design feedback; does not describe a transportation theme.
c853789c3a0d3eabefb4,3,safety_comments,Non-walkers not following safety rules/signs Nighttime lack of lighting,Staff,Road-user conduct and enforcement | Lighting and personal security,Road-user conduct and enforcement | Lighting and personal security,AI reviewed,Describes rule compliance and nighttime lighting.
0a5e5b91dc624eda69cd,3,network_comments,I love MTD and used to ride regularly but moved to a location where service isn't convenient Would like more lighting on edges of campus,Staff,Lighting and personal security | Maintenance and weather resilience,Lighting and personal security | Maintenance and weather resilience,Suggested,Automated provisional suggestion; read in context before accepting.
f2818f74ccb9976f2049,5,safety_comments,My biggest safety concerns while navigating campus on foot are inattentive drivers; there have been multiple times where I have seen drivers nearly hit pedestrians while they are at crosswalks.,Staff,Crossings and motor-vehicle exposure,Crossings and motor-vehicle exposure | Road-user conduct and enforcement,AI reviewed,Near vehicle collisions at crossings and inattentive drivers.
67ba2b9aaedd70c1343c,6,safety_comments,"Cars. Cars, cars, cars. Even with some better streets, our streets are primarily designed for cars. I am not scared at all of getting hurt by getting hit by a bike, but cars are terrifying. Our streets our designed to encourage driving faster than posted speed limits. We need a complete overhaul to 100% prioritize pedestrians and bikers throughout campus and campustown. Add traffic calming. Make protected bike lanes. Drivers aren’t going to respect bike lane space unless there is a physical separation that makes them unable to drive in bike lanes. Make drivers overwhelmed. Make them uncomfortable so that they have to drive slow and follow speed limits. For a campus where very few people actually drive, so much of our infrastructure, safety precautions, and space is dedicated to cars.",Student,Protected and connected cycling | Crossings and motor-vehicle exposure,Crossings and motor-vehicle exposure | Protected and connected cycling,AI reviewed,"Car-dominated street design, speed, traffic calming, and protected bike lanes."
6c19f7cd9ea8946eaf93,6,network_comments,"Way too car oriented. Poor bike infrastructure: not well maintained in areas, and areas that aren’t well maintained aren’t well protected. Painted bike lanes and sharrows DO NOT WORK. They need to be protected and grade separated. Also, pedestrians need to be further prioritized. Longer crossing times, more traffic calming to make cross walks shorter and more protected.",Student,Protected and connected cycling | Crossings and motor-vehicle exposure | Maintenance and weather resilience,Protected and connected cycling | Crossings and motor-vehicle exposure | Maintenance and weather resilience,Suggested,Automated provisional suggestion; read in context before accepting.
616d8e41d7a653152670,8,safety_comments,Too many cars and not enough areas in my part of campus (Goodwin/Nevada/Lincoln/Oregon area) where cars are highly restricted. I often cross roads outside of crosswalk zones to get to my classes and it would be helpful if I could cross them more safely without the fear of someone running me over.,Student,Crossings and motor-vehicle exposure,Crossings and motor-vehicle exposure,Suggested,Automated provisional suggestion; read in context before accepting.
c0f69a3e76ab12c51bd9,8,network_comments,"Overall, there are some good things about the campus transportation, especially the bus system and better walking infrastructure than many other campuses. However, I think there will always be room for improvement, and my priority would be to further restrict car infrastructure, especially in parts of campus where cars are more frequent and visible.",Student,Transit operations | Transit reach and hours,Transit operations | Transit reach and hours,Suggested,Automated provisional suggestion; read in context before accepting.
adf334f0e19345d16d21,9,network_comments,"I hate food trucks taking up valuable student parking. They should park in the staff lots that are empty a majority of the time anyway. Additionally, I wish public parking in staff lots opened at 4 pm year round, not just in the winter. That makes it easier for grad students like me to be able to park for class and not have to walk in the dark.",Student,Lighting and personal security | Maintenance and weather resilience,Lighting and personal security | Maintenance and weather resilience,Suggested,Automated provisional suggestion; read in context before accepting.
0fdd0b96f2e9f7ed881e,11,safety_comments,There are too many cars in core campus areas causing both congestion and unsafe conditions.,Student,,,Suggested,Automated provisional suggestion; read in context before accepting.
3633d611130c8588f546,11,network_comments,Generally OK. The campus’s biggest strength is its bus network but it often fails to take advantage of that. Please consider restricting private (or all) vehicles on portions of Green (and maybe Goodwin or First as well) to through-traffic and better enforcing the restricted hours on Gregory through cameras or retractable bollards.,Student,Transit reach and hours | Road-user conduct and enforcement,Transit reach and hours | Road-user conduct and enforcement,Suggested,Automated provisional suggestion; read in context before accepting.
cdc059d7434454999935,13,safety_comments,I would prefer more signs and signals at crosswalks and intersections to signal when pedestrians go and when vehicles go. I’m often left waiting for a while for a car to be willing to stop for me to cross the road.,Student,Crossings and motor-vehicle exposure,Crossings and motor-vehicle exposure,Suggested,Automated provisional suggestion; read in context before accepting.
44a606627c960e771603,13,network_comments,Overall I am satisfied with the transportation on campus. I would like to see more signals at crosswalks and intersections,Student,Crossings and motor-vehicle exposure,Crossings and motor-vehicle exposure,Suggested,Automated provisional suggestion; read in context before accepting.
7c94211cdd8d8b864a6d,18,network_comments,Good!,Student,,,Suggested,Automated provisional suggestion; read in context before accepting.
2baa6ba358fc5fe08fcc,20,safety_comments,More lighting at night and increased number of Emergency Alarms,Student,Lighting and personal security,Lighting and personal security,Suggested,Automated provisional suggestion; read in context before accepting.
71250eb75a02799c8d74,20,network_comments,Very good.,Student,,,Suggested,Automated provisional suggestion; read in context before accepting.
e7bd9767c60971b672a9,23,safety_comments,"Some high-speed roads, such as Lincoln Ave, do not have good biking infrastructure (no bike lane and sidewalks are too narrow), which makes cycling or riding a scooter on these right-of-ways somewhat difficult. If it was possible to get improvement there it would be great, although it makes sense that it wouldn't be possible due to not being ""on campus"" per se.",Student,Protected and connected cycling | Road-user conduct and enforcement | Micromobility conflicts,Protected and connected cycling | Road-user conduct and enforcement | Micromobility conflicts,Suggested,Automated provisional suggestion; read in context before accepting.
5e598d911db55f4d0cdd,23,network_comments,"I think it is great for cyclists on the ""arterials"" but the smaller roads sometimes need better road/sidewalk conditions for the bike lanes.",Student,Protected and connected cycling | Micromobility conflicts,Protected and connected cycling | Micromobility conflicts,Suggested,Automated provisional suggestion; read in context before accepting.
da494171890c08249e56,24,safety_comments,Germs. Disease. You can do nothing about it.,Staff,,,AI reviewed,Concern about disease without a transportation-specific mechanism or recommendation.
f012f0cd96777c7335d4,26,safety_comments,"As a driver, pedestrians and bicyclists not paying attention.",Staff,Road-user conduct and enforcement | Maintenance and weather resilience,Road-user conduct and enforcement | Maintenance and weather resilience,Suggested,Automated provisional suggestion; read in context before accepting.
fd852f8258ec70d27c4f,27,safety_comments,"My biggest safety concern is hitting a pedestrian while driving on campus because students don's cross at crosswalks, pop out from between cars, or have their head in a cellphone.",Staff,Crossings and motor-vehicle exposure | Road-user conduct and enforcement,Crossings and motor-vehicle exposure | Road-user conduct and enforcement,Suggested,Automated provisional suggestion; read in context before accepting.
69ae375682056f890408,27,network_comments,I think it's fantastic. Bike lanes on the smaller streets would be a good improvement.,Staff,Protected and connected cycling,Protected and connected cycling,Suggested,Automated provisional suggestion; read in context before accepting.
b6b63ee3d9243fb08672,30,safety_comments,"students paying attention to where they are going, whether they are walking, bicycling, or on scooters",Staff,Road-user conduct and enforcement | Maintenance and weather resilience,Road-user conduct and enforcement | Maintenance and weather resilience,Suggested,Automated provisional suggestion; read in context before accepting.
e51a443d9fbea6531063,31,safety_comments,watching out for skateboards and bicyclists - they do not follow rules also pedestrians who are always on their phones,Staff,Road-user conduct and enforcement | Micromobility conflicts | Maintenance and weather resilience,Road-user conduct and enforcement | Micromobility conflicts | Maintenance and weather resilience,Suggested,Automated provisional suggestion; read in context before accepting.
41d4bf60109cdd260bff,31,network_comments,works ok,Staff,,,Suggested,Automated provisional suggestion; read in context before accepting.
12155666937c834a1249,32,safety_comments,"The amount of motorized travel (e-bike, e-scooter, motorized skateboard, etc) available that is ridden on sidewalks or on roads is very unsafe - many of these individuals do not practice safe driving, do not follow rules of the road, assume it does not apply to them because they don't consider themselves a ""vehicle"" when they are in fact moving at speed through crowds, not using bike lanes or other designated areas. A campaign to inform them, and cyclists, how to safely drive through campus and especially for cyclists to obey right of way, stop signs, signalling, and driving in bike lanes would be helpful.",Staff,Protected and connected cycling | Crossings and motor-vehicle exposure | Road-user conduct and enforcement | Micromobility conflicts | Maintenance and weather resilience,Micromobility conflicts | Road-user conduct and enforcement,AI reviewed,"Fast motorized devices, sidewalk conflict, and road-user education."
6a74373b74dce75e6c5e,32,network_comments,Bus service is great. Personal transportation needs some work to ensure safety and compliance across all the new forms of transport that have emerged that weren't anticipated. Veo or other rideshare services need to have dedicated drop off points rather than abandon in place functionality.,Staff,Micromobility conflicts | Maintenance and weather resilience,Micromobility conflicts | Maintenance and weather resilience,Suggested,Automated provisional suggestion; read in context before accepting.
e4e7b740c547b5a756b1,33,safety_comments,"Homeless population, being alone after sunset - well lit paths help!",Staff,Lighting and personal security,Lighting and personal security,Suggested,Automated provisional suggestion; read in context before accepting.
1c757fcea3d947837c6d,33,network_comments,"I would prefer pedestrians, cyclists, skateboarders, scooter riders have a little more signage reminding them to obey the rules of the road (i.e. not head north on a street where cars only go south - sixth street can be dangerous",Staff,Road-user conduct and enforcement | Micromobility conflicts | Information and wayfinding,Road-user conduct and enforcement | Micromobility conflicts | Information and wayfinding,Suggested,Automated provisional suggestion; read in context before accepting.
1440ad43f23b785d2b9d,38,network_comments,Finding parking in quad and big class areas is hard to find and typically expensive when you have to pay for parking a lot. If there was a parking garage where I could buy a spot near the quad of big campus areas I would find it a lot more convenient and I would feel safer,Student,Parking access and affordability,Parking access and affordability,Suggested,Automated provisional suggestion; read in context before accepting.
67903a4aaf56980c32cb,40,network_comments,MTD free access is a great fringe benefit.,Staff,,,Suggested,Automated provisional suggestion; read in context before accepting.
51e55efbf56c377c1b3b,43,network_comments,"Some intersections have weight detection for traffic light, it is hard for bikes to activate it, forcing bikers to run through red light or go on side walk to press the button",Student,Road-user conduct and enforcement,Road-user conduct and enforcement,Suggested,Automated provisional suggestion; read in context before accepting.
fe0778f809030e582a59,44,safety_comments,Uneven sidewalks. Need more benches/places to sit and rest along sidewalks.,Staff,Maintenance and weather resilience | Accessibility and usable routes,Maintenance and weather resilience | Accessibility and usable routes,AI reviewed,Uneven sidewalks and need for places to rest.
194e832a1ad886fbd2ae,44,network_comments,"Would like additional buses to and from campus parking locations. The buses are so packed with students, particularly in the afternoon, that there are times riding is not an option leaving me with a slow and painful walk to my vehicle after having waited 10+ minutes for a bus that's too full to board.",Staff,Transit operations,Transit operations,Suggested,Automated provisional suggestion; read in context before accepting.
0eda2a5b05a2d04962f2,45,safety_comments,"Many students who are walking on campus (and even some on bicycles!) are simply unaware of their surroundings. They are looking down at their phones, wearing noise-cancelling headphones, or both - so I cannot expect them to notice me on my bike.",Staff,Road-user conduct and enforcement | Maintenance and weather resilience,Road-user conduct and enforcement | Maintenance and weather resilience,Suggested,Automated provisional suggestion; read in context before accepting.
b12edf7490d83f0dd59a,45,network_comments,MTD is excellent and reliable! Green Street between Lincoln and Wright is great for cycling because of the dedicated lane - flexible plastic barriers would be even better to separate them from pedestrian traffic. It would be great to have more dedicated bike lanes across campus and strongly discourage students to ride on streets with bus routes (ex: Springfield Ave).,Staff,Transit operations | Transit reach and hours | Protected and connected cycling,Transit operations | Transit reach and hours | Protected and connected cycling,Suggested,Automated provisional suggestion; read in context before accepting.
b92a2a408ff532ca4eb6,46,safety_comments,"too many one way streets, gets confusing trying to find routes/parking for particular buildings",Staff,Information and wayfinding,Information and wayfinding,Suggested,Automated provisional suggestion; read in context before accepting.
240e0c8b42f7d018ecad,46,network_comments,smaller buses/shuttles to core locations.,Staff,,,Suggested,Automated provisional suggestion; read in context before accepting.
71204e4da115c88c1b95,47,network_comments,na,Staff,,,Suggested,Automated provisional suggestion; read in context before accepting.
ae02d4bad266c592d592,48,network_comments,"sometimes taking the bus is inconvenient since busses are pretty slow compared to driving myself. For instance, it takes me 7min to drive but sometimes taking the bus takes 20-25min",Student,,,Suggested,Automated provisional suggestion; read in context before accepting.
71feea6145075b2420a5,49,network_comments,"It is very good. There are a few rough spots when it comes to finding and using bike lanes, because bike lanes are not seen as traffic. But just a sharp turning line that goes from place to olace and doesn’t get maintained at times",Student,Protected and connected cycling | Maintenance and weather resilience,Protected and connected cycling | Maintenance and weather resilience,Suggested,Automated provisional suggestion; read in context before accepting.
922a20500b01ae919e63,50,safety_comments,"more lighting, vegetation control to keep trees and bushes back from walking paths, more emergency call boxes",Staff,Lighting and personal security | Maintenance and weather resilience,Lighting and personal security | Maintenance and weather resilience,AI reviewed,"Lighting, vegetation clearance, and emergency call boxes."
7963a13840ca031f38a4,50,network_comments,"parking is incredibly challenging, roads & parking lots are very poorly maintained, parking doesn't seem to be enforced, you call to have someone ticketed or towed and the folks answering campus parking phones won't help you get those things addressed in a timely manner. Buses are ok, but it tough to count on a bus schedule when you need to be someplace at a specific time without leaving way early. pedestrians don't follow rules and walk out in front of your vehicle",Staff,Transit operations | Road-user conduct and enforcement | Maintenance and weather resilience | Parking access and affordability,Transit operations | Road-user conduct and enforcement | Maintenance and weather resilience | Parking access and affordability,Suggested,Automated provisional suggestion; read in context before accepting.
2faf441751075f8b1647,51,safety_comments,High speed of travel by those on electric scooter/devices. Classes for rider etiquette.,Staff,Road-user conduct and enforcement | Micromobility conflicts,Road-user conduct and enforcement | Micromobility conflicts,Suggested,Automated provisional suggestion; read in context before accepting.
e664e595559cad6dd59b,51,network_comments,Improved web-based wayfinding and mapping.,Staff,Information and wayfinding,Information and wayfinding,AI reviewed,Web-based wayfinding and mapping.
a8ccdcaef4ac0c89d5ef,53,safety_comments,"My biggest safety concerns are the sheer volume of cars that travel near campus. Many do not follow the speed limit and sometimes do not wait for pedestrians to cross. More marked and signed crossings would help along with lowering the campus speed limit to 20 mph or less. Furthermore, cars should be discouraged from using roads in the campus area as through roads in general. For example, private car traffic could be banned or made one-way on the section of Green St in Campustown; it could still be accessible both ways by buses and bicycles. Many times when cycling on roads with bicycle lanes, they will abruptly end and force bicycles to make a dangerous merge into car traffic. Protected Dutch-style intersections could alleviate the need for this. Cars will also often turn on their hazards to park in the bicycle lane briefly, which is not only inconvenient but also dangerous as it again forces bicycles to merge into car traffic and increases the risk of getting ""doored."" Installing barriers may help with this.",Student,Transit operations | Transit reach and hours | Protected and connected cycling | Crossings and motor-vehicle exposure | Maintenance and weather resilience,Transit operations | Transit reach and hours | Protected and connected cycling | Crossings and motor-vehicle exposure | Maintenance and weather resilience,Suggested,Automated provisional suggestion; read in context before accepting.
27945febe2f6f320c7ad,53,network_comments,"Overall, the campus transportation network is by no means bad. However, there are many improvements that could be made. Much of the student population do not own cars, and if they do, they likely do not drive to class. As such, the campus area should cater more to the needs of pedestrians, bicycles, and public transit (MTD buses) rather than private motor vehicles. Wider sidewalks, protected bicycle lanes, bus-only lanes, and transit signal priority at various stop lights are just a few improvements that could help campus. To discourage private cars using campus roads as through roads, they could be strategically made to be one-way such that motor vehicles would rather use wider arterials away from campus. Some roads could even be inaccessible by motor vehicles except buses. Lastly, whatever improvements may be made, please carefully consider the interactions between all road users and any potential conflicts.",Student,Transit operations | Protected and connected cycling | Maintenance and weather resilience,Transit operations | Protected and connected cycling | Maintenance and weather resilience,Suggested,Automated provisional suggestion; read in context before accepting.
de61f83944d565082168,54,safety_comments,Bikes going too fast near pedestrians,Other / multiple roles,,,Suggested,Automated provisional suggestion; read in context before accepting.
db5ecf4e4785de78c9d0,54,network_comments,"Reduce the COST of parking for retirees who don't come to campus every day. Now the parking lot is a LOT, almost $800, which is really outrageous. Help with this would be great.",Other / multiple roles,Parking access and affordability,Parking access and affordability,Suggested,Automated provisional suggestion; read in context before accepting.
5518ef407f46e67a45f5,56,safety_comments,High speed limits and poorly maintained pavement on sidewalks and streets.,Staff,Crossings and motor-vehicle exposure | Maintenance and weather resilience,Crossings and motor-vehicle exposure | Maintenance and weather resilience,AI reviewed,Speed limits and poor pavement condition.
24970bb6794782388572,56,network_comments,"The network is stronger than many other college campuses. I would like to see more dedicated public transportation infrastructure, additional and better quality bike lanes, and reduced vehicle speed limits.",Staff,Protected and connected cycling | Crossings and motor-vehicle exposure,Protected and connected cycling | Crossings and motor-vehicle exposure,Suggested,Automated provisional suggestion; read in context before accepting.
0dcdb6a865f8f9ee44ac,57,network_comments,COVERED BIKE RACKS PLEASE,Student,Protected and connected cycling,Protected and connected cycling,AI reviewed,Requests covered bike racks.
91fcacaf496bad9c58ae,58,safety_comments,Increased/improved parking lot lighting would make me feel safer.,Staff,Lighting and personal security | Parking access and affordability,Lighting and personal security | Parking access and affordability,Suggested,Automated provisional suggestion; read in context before accepting.
936ea4d55a77d541e60e,58,network_comments,"Obtaining a rental spot on campus is incredibly difficult. I have been on two waitlists since 2017. I had one space come up for rental in 2019 (when I didn't need it, so declined) and have been waiting ever since.",Staff,Parking access and affordability,Parking access and affordability,Suggested,Automated provisional suggestion; read in context before accepting.
cd3d8671b27e5ab14c6b,59,safety_comments,"Getting hit by a car when on my bike! Vehicles often invade/park in the bike paths that share pavement with the road. They open doors into them. They don't look when getting into the bike lane that's the turn lane. Bike paths are much nicer when separate from sidewalks and road pavement. Also concerned when the road isn't in great shape--good way to get thrown from a bike--haven't had a lot of that recently, though, but we'll see as weather warms up what things look like.",Staff,Protected and connected cycling | Crossings and motor-vehicle exposure | Micromobility conflicts | Maintenance and weather resilience,Protected and connected cycling | Crossings and motor-vehicle exposure | Micromobility conflicts | Maintenance and weather resilience,Suggested,Automated provisional suggestion; read in context before accepting.
4df2024c6d480068681d,59,network_comments,"Bikes are clearly a secondary thought of transportation. Awkward to lock up, the locking places are not near the main doors, the bike paths get snow piled on them, etc. I do like the bus system. The walking paths are also fine, and changes to bus setup on Wright and Green are nice.",Staff,Transit operations | Protected and connected cycling | Maintenance and weather resilience,Transit operations | Protected and connected cycling | Maintenance and weather resilience,Suggested,Automated provisional suggestion; read in context before accepting.
a092c1ef7d6e204a7757,61,network_comments,"It's okay. More consistent long term parking spots (over 2 hours) that don't get bagged or taken for construction and,/or lower meter prices.",Student,Parking access and affordability,Parking access and affordability,Suggested,Automated provisional suggestion; read in context before accepting.
b2f8733f36d017f00fba,62,safety_comments,No vehicular traffic in the heart of campus would make navigating campus safer. Bicyclists/scooters going the wrong way on one way streets and not obeying traffic signals/signs are a hazard. Pedestrians also routinely make unsafe choices when walking on campus which causes bus drivers issues with staying on schedule. Parking in the E14 shuttle lot and taking the bus to the heart of campus works well for me and I feel safer than when driving in the heart of campus with the large crowds of students.,Staff,Transit operations | Transit reach and hours | Road-user conduct and enforcement | Micromobility conflicts | Maintenance and weather resilience | Parking access and affordability,Transit operations | Transit reach and hours | Road-user conduct and enforcement | Micromobility conflicts | Maintenance and weather resilience | Parking access and affordability,Suggested,Automated provisional suggestion; read in context before accepting.
18f46f47402997e166b5,63,safety_comments,When crossing streets on/around campus on foot (especially Illinois & Goodwin; Nevada & Goodwin) I have almost been hit by people driving cars that do not stop or do not see me crossing. This happens at least once a semester.,Staff,Crossings and motor-vehicle exposure,Crossings and motor-vehicle exposure | Road-user conduct and enforcement,AI reviewed,Near collisions at named crossings with cars that do not stop.
801aaa0d24c334676547,65,safety_comments,Crazy drivers,Faculty,,,Suggested,Automated provisional suggestion; read in context before accepting.
df124b9ff27fb8a6ef41,65,network_comments,Can be difficult to find parking. Parking in remote spot and taking a bus takes too much time.,Faculty,,Parking access and affordability | Transit operations,AI reviewed,Parking difficulty and added travel time from remote parking with a bus connection.
e3745cb7706a6906a07e,66,safety_comments,"Sketchy people at night, more police presence would be nice. Near campus facilities too since it's not limited to Green st. and other main areas.",Student,Road-user conduct and enforcement | Lighting and personal security | Maintenance and weather resilience,Road-user conduct and enforcement | Lighting and personal security | Maintenance and weather resilience,Suggested,Automated provisional suggestion; read in context before accepting.
34933c59b434ceb8d3c2,66,network_comments,"The buses are always a few minutes late but reliable. There are some bus drivers who need to learn the meaning of the word ""chill."" I've had terrible experiences with bus drivers especially around night + on weekends that think they are racing in F1. It's a safety concern and also a comfortability issue. I do not feel safe when they are smashing the brakes and lead-footing the gas pedal after every stop sign. The reporting system for drivers is also terrible and inconvenient, I tried to find out how to submit an online report for a terrible bus driver I had last semester and it seemed like the MTD put no effort into making a system for it, or that it was incredibly inconvenient to the point where it was discouraging to submit one. Also MTD needs to make a bigger effort to clean their buses. They smell like garbage.",Student,Transit operations | Transit reach and hours | Road-user conduct and enforcement | Lighting and personal security,Transit operations | Transit reach and hours | Road-user conduct and enforcement | Lighting and personal security,Suggested,Automated provisional suggestion; read in context before accepting.
458f4c1470644de97c36,67,safety_comments,"I feel safer on campus on a bike, but getting to campus from my home is terrifying. on campus, cars are mostly ok but pedestrians standing or walking in bike lanes and other aggressive bikers/scooters/ebikes make it less enticing. there are also areas where construction has blocked bike lane access",Staff,Protected and connected cycling | Crossings and motor-vehicle exposure | Micromobility conflicts,Protected and connected cycling | Micromobility conflicts | Maintenance and weather resilience,AI reviewed,"Unsafe approach to campus, bike-lane conflicts, and construction obstruction."
8a06e63878a0906a9191,67,network_comments,"I think on campus it's fine, but getting to campus is more of an issue. right now I drive to campus and then take the bus from there which seems like a waste of money. i would use the commuter lot but I like to have easier access to my car, and where it is now I can walk in 10 minutes if there were an emergency and needed to leave (and most buses serving that location). I would probably bike if I felt safer biking in town, so maybe working with the cities (Champaign especially) to create safer routes (especially with some kind of barrier to keep cars from driving and parking on bike lanes)",Staff,Transit reach and hours | Protected and connected cycling | Parking access and affordability,Transit reach and hours | Protected and connected cycling | Parking access and affordability,Suggested,Automated provisional suggestion; read in context before accepting.
c6f2ca6ff8d62a9d35a4,72,safety_comments,"My biggest safety concerns have to do with the electric skateboards and people who ride their bikes on sidewalks. I have been hit by one bicycle when I was walking and the student didn't even stop and ask me if I was ok. These electric scooters, bikes and skateboards need to be in the street in a path of their own.",Staff,Protected and connected cycling | Micromobility conflicts | Maintenance and weather resilience,Micromobility conflicts | Road-user conduct and enforcement | Protected and connected cycling,AI reviewed,Collision with a bicycle and request for separate paths for devices.
56ad09e770f6ba5dbace,72,network_comments,Luckily I work on the edge of campus so I don't have to drive onto campus much or at all. I walk or take the bus if I have to go into the heart of campus.,Staff,,,Suggested,Automated provisional suggestion; read in context before accepting.
e3a0d035916d5d3a1f72,73,network_comments,"I think it can be fixed. Can we please make the champaign meters more the 2 hours as it is very hard to find meters to park at for my classes near the quad. When I have to park at the champaign ones its quite hard because they are only 2 hours which is VERY inconvenient for people as some have classes back to back. Yes I can go on the mobile meter app and reload it, but that I feel is so extra just to ensure that I pay for my parking. If they were more than 2 hour meters I'm certain that people would pay for their whole time and this can also decrease the parking tickets in a way. I just think that if we make all the champaign meters that are located on campus (ex.the 2 hour ones) it will help commuters like me not have to stress about parking. I also do not like that some are reserved as every time I drive by, there are bags over the meters and nobody in is the parking spots. I live about 25 min away and I always have to leave almost an hour before my class even starts to ensure that I am able to find a spot hopefully close, but sometimes far as at time I can not park at the 2 hour meters because I will have to be parked there for longer. Thank you very much.",Student,Road-user conduct and enforcement | Parking access and affordability | Information and wayfinding,Road-user conduct and enforcement | Parking access and affordability | Information and wayfinding,Suggested,Automated provisional suggestion; read in context before accepting.
434ece3137cf55cbf33a,74,safety_comments,Speeding cars when I’m walking,Student,Crossings and motor-vehicle exposure,Crossings and motor-vehicle exposure,Suggested,Automated provisional suggestion; read in context before accepting.
5a92da477880261f8f1d,74,network_comments,"I love the bus system, it’s super helpful",Student,,,AI reviewed,Positive bus-system evaluation; no issue-specific code applies.
79e8fdb993588f7027b7,75,network_comments,Improvements to the lights at Lincoln and Pennsylvania. Give more time to empty left turn lane turning north on Lincoln from west side.,Staff,,,Suggested,Automated provisional suggestion; read in context before accepting.
5717cbcfa3f9ca328a01,76,safety_comments,"cars, bikes, and people are on the same level. Bridges over busy streets would separate pedestrians (and bikes?) from cars, making everyone safer.",Faculty,Protected and connected cycling,Protected and connected cycling,Suggested,Automated provisional suggestion; read in context before accepting.
161d98a4caa5226f316e,76,network_comments,"Same answer as 30 years ago: a bus to anywhere in CU, 24/7, at 10 minute headings would make cars less necessary. Gold/Goldhopper/Yellow/Yellowhopper + State Farm Center parking was a step in the right direction.",Faculty,,,Suggested,Automated provisional suggestion; read in context before accepting.
9fcc0e4df1beb35e7f13,77,safety_comments,"My biggest safety concern is cars driving on pedestrian and bike heavy areas on the interior of campus. Mathews Ave from its southern terminus to green street is the worst area, but all of Mathews north until Beckmann institute is a hazardous area. Poor visibility for cars and pedestrians, lots of bikers and pedestrians on the road as well as cars driving too fast and trying to park in these narrow areas is a recipe for accidents. I think closing more of the center of campus to vehicular traffic would help make these areas safer and encourage less driving of private vehicles. As someone who parks on Mathews quite frequently, but also bikes it when the weather is good, I would rather have this area closed to cars and sacrifice the convenience to drivers for a safer bike and pedestrian zone around the center of campus.",Staff,Crossings and motor-vehicle exposure | Maintenance and weather resilience,Crossings and motor-vehicle exposure | Maintenance and weather resilience,Suggested,Automated provisional suggestion; read in context before accepting.
6f4ab5b4de149c8e3c28,77,network_comments,"Bus service is quite good on campus, but there are not good commuting options for folks who live further afield out into the county or neighboring villages to the CU area. As mentioned before, central campus should be largely closed to vehicles ( around and between the three main quads at a minimum)",Staff,Transit reach and hours | Maintenance and weather resilience,Transit reach and hours | Maintenance and weather resilience,Suggested,Automated provisional suggestion; read in context before accepting.
75d78f9bf54e07362afd,78,network_comments,"It’s ok, it does what I needs to do",Student,,,Suggested,Automated provisional suggestion; read in context before accepting.
9af661bc8206ebbc4f3c,79,network_comments,More bus lanes,Student,Transit operations,Transit operations,Suggested,Automated provisional suggestion; read in context before accepting.
48ef81834e6f417f2b1c,81,safety_comments,Cars not stopping at crosswalks or intersections.,Other / multiple roles,Crossings and motor-vehicle exposure,Crossings and motor-vehicle exposure,Suggested,Automated provisional suggestion; read in context before accepting.
753dcd7c1fcac73735aa,81,network_comments,"It’s pretty good. Could use more bike paths, and better safety where pedestrians and cars meet, eg, along Lincoln, Green, and Goodwin. Also, disallow parking/stopping in bike paths. Especially on Wright or Green, it forces bikes either into car traffic or pedestrian traffic.",Other / multiple roles,Protected and connected cycling | Micromobility conflicts,Protected and connected cycling | Micromobility conflicts,Suggested,Automated provisional suggestion; read in context before accepting.
a7d9eaef7a0cc2348a07,84,safety_comments,"Vehicular traffic on streets like Lincoln, Green, Goodwin, Mathews. More traffic calming and protected bicycle lanes/paths would improve the situation.",Student,Protected and connected cycling | Crossings and motor-vehicle exposure | Maintenance and weather resilience,Protected and connected cycling | Crossings and motor-vehicle exposure | Maintenance and weather resilience,Suggested,Automated provisional suggestion; read in context before accepting.
1bb43813444bb2136682,84,network_comments,Overall good. Bus network is strong but should have better off-peak frequencies. Most areas feel safe to walk and bike on except for areas of high vehicular traffic (eg Lincoln ave) or poorly designed and maintained bike paths (eg Mathews St). There are also several intersections that are dangerous to pedestrians most notably along Lincoln Ave and on Springfield Ave outside the engineering library and CIF.,Student,Transit operations | Transit reach and hours | Protected and connected cycling | Maintenance and weather resilience,Transit operations | Transit reach and hours | Protected and connected cycling | Maintenance and weather resilience | Crossings and motor-vehicle exposure,AI reviewed,"Positive overall account with off-peak frequency, high-traffic crossings, and bike-route condition concerns."
ff775068ed16eadcdbf4,85,safety_comments,"Unrepaired sidewalks can be a hassle to both walkers and bikes. Generally, this campus does very well with road/sidewalk issues.",Staff,Maintenance and weather resilience,Maintenance and weather resilience,Suggested,Automated provisional suggestion; read in context before accepting.
5a86854ce674498ffc3f,85,network_comments,We could all commute better if the buses came directly to campus again.,Staff,,,Suggested,Automated provisional suggestion; read in context before accepting.
93243ef88b97750591be,86,network_comments,The campus transportation network is one of the most safe that I've seen and I've lived in every time zone over the past 30 years. I'd love to see a major overhaul in repaving/filling in potholes on campus. Thank you!,Staff,Maintenance and weather resilience,Maintenance and weather resilience,Suggested,Automated provisional suggestion; read in context before accepting.
d1932991480e34929f86,88,safety_comments,The bike lanes on the south of campus near PAR/FAR and south quad near the architecture annex need major repair and are very dangerous to use.,Student,Protected and connected cycling | Micromobility conflicts | Maintenance and weather resilience,Protected and connected cycling | Micromobility conflicts | Maintenance and weather resilience,Suggested,Automated provisional suggestion; read in context before accepting.
48cc513fa0474a5e0840,88,network_comments,"The bus network is very good for a city this size and there are some very good things. However, campus still prioritizes car traffic in many areas and could be improved significantly to encourage more bus, bike, and walking traffic. Also the bike infrastructure network has inconsistent quality and is annoying to use at many intersections where bike paths end and then restart after the intersection. It is also hard to go from a protected bike path to an unprotected bike lane by turning off of the bike path as there is no good way of doing it without blocking pedestrian traffic or going into the intersection.",Student,Protected and connected cycling | Micromobility conflicts,Protected and connected cycling | Micromobility conflicts,Suggested,Automated provisional suggestion; read in context before accepting.
2704485d37b84a867385,90,safety_comments,"Make bikes, skateboards, follow the rules, stop at STOP signs. Students off cell phones when going into a crosswalks. All buses have their own stopping areas, off of the main roads, the indent sections for buses like on Gregory, just past Green street.",Staff,Crossings and motor-vehicle exposure | Road-user conduct and enforcement | Micromobility conflicts,Crossings and motor-vehicle exposure | Road-user conduct and enforcement | Micromobility conflicts,Suggested,Automated provisional suggestion; read in context before accepting.
34210e52ccef88ae5339,90,network_comments,Overhead ramps for main/busy streets.,Staff,Accessibility and usable routes,Accessibility and usable routes,Suggested,Automated provisional suggestion; read in context before accepting.
61f476de10c8e6fae79b,91,safety_comments,"Other people, and sometimes roads aren't well lit",Student,Lighting and personal security,Lighting and personal security,Suggested,Automated provisional suggestion; read in context before accepting.
6ee20d252cc39baf34ba,91,network_comments,Less cars,Student,,,Suggested,Automated provisional suggestion; read in context before accepting.
56ed7482f6f0bec8a44d,92,safety_comments,Pedestrians seem to be on their devices and not paying attention to car traffic.,Staff,Road-user conduct and enforcement,Road-user conduct and enforcement,Suggested,Automated provisional suggestion; read in context before accepting.
0cb9ad2901cde934fff5,92,network_comments,"I believe it is fine, but wish it could get more money.",Staff,,,Suggested,Automated provisional suggestion; read in context before accepting.
fce60a9250c3ea679012,93,safety_comments,"It does seem that personal vehicles, other than for use in case of disabilities, should not be allowed on many corners of campus. On bicycle, I have once been hit by a student driver and frequently encounter drivers who do not know how to share the road with cyclists. As a motorist, I frequently encounter pedestrians crossing against lights looking at cell phones (though do think students should be able to navigate campus without encountering so many vehicles). I would feel safer with more frequent busses. I live at Orchard Downs and typically try to reach campus for a 9am class, however I stopped taking the bus regularly due to how crowded it becomes--crowded to what feels like an unsafe level and in a way that also causes delays. The TEAL, especially, which travels from Orchard Downs to PAR/FAR before reaching campus, during peak times, such as the 8am busses, and especially the 8:36am bus, is nearly full by the time it reaches PAR. I have noticed other busses across town that are double-sized and think running more busses at this size during peak hours could be of great assistance to safety. Commuters should not have to drastically alter their schedules by taking busses at alternate times, at this point I might as well walk for 40mins--this is what, at least for me personally, pushes me to drive. On campus, I also find that signs posted near bike lanes are at heights that are dangerously close to head-height for bikers--they could be more safely placed. While some bike lanes are new, others are so poorly maintained that I have endured bike damage from riding them (particularly on south campus). Biking west of campus in areas of student housing also seems full of vehicles and super treacherous without separated bike lanes or space. Thank you for your consideration.",Student,Transit operations | Transit reach and hours | Protected and connected cycling | Crossings and motor-vehicle exposure | Road-user conduct and enforcement | Micromobility conflicts | Maintenance and weather resilience | Accessibility and usable routes,Transit operations | Transit reach and hours | Protected and connected cycling | Crossings and motor-vehicle exposure | Road-user conduct and enforcement | Micromobility conflicts | Maintenance and weather resilience | Accessibility and usable routes,Suggested,Automated provisional suggestion; read in context before accepting.
8e5e88b92e0693a943a5,93,network_comments,"I am grateful for the bus system and its drivers--they are an invaluable part of our community and I offer my sincere gratitude to them all! The campus transportation network just needs more frequent busses, and larger busses during peak hours. We could always use more protected bike paths separate from car traffic. And we also need more clear rules and regulation regarding ebikes, shared bikes, and other motor-assisted scooters and the like.",Student,Transit operations | Transit reach and hours | Protected and connected cycling | Road-user conduct and enforcement | Micromobility conflicts,Transit operations | Protected and connected cycling | Micromobility conflicts | Road-user conduct and enforcement,AI reviewed,"Praise for transit with frequency, crowding, protected bike path, and device regulation requests."
486bbbed5971ac0cf603,95,safety_comments,"Painted lines aren't sufficient to say we are a ""bike-friendly campus."" Bike lanes are taking up too much road space and public street parking where meters used to exist. No one uses the green boxes from the MCore project. And the painted lines are very worn/invisible from the MCore project. Pedestrians, Bicycles, Escooters, Skateboards, Veos not following the rules of the road or paying attention. Not sure what reminders students get, but more education should be considered.",Staff,Protected and connected cycling | Road-user conduct and enforcement | Micromobility conflicts | Maintenance and weather resilience | Parking access and affordability,Protected and connected cycling | Road-user conduct and enforcement | Micromobility conflicts | Maintenance and weather resilience | Parking access and affordability,Suggested,Automated provisional suggestion; read in context before accepting.
2f69d2bc0d3b30f5382d,95,network_comments,"Bike lanes are taking up road space to say we are ""bike friendly"" campus. Not enough bike racks for bicycles. No infrastructure evolving to include escooters or eskateboards to be able to enforce the escooter policy not allowing them in buildings.",Staff,Protected and connected cycling | Road-user conduct and enforcement | Micromobility conflicts | Maintenance and weather resilience,Protected and connected cycling | Road-user conduct and enforcement | Micromobility conflicts | Maintenance and weather resilience,Suggested,Automated provisional suggestion; read in context before accepting.
32ccc0b32dc607b1374a,96,safety_comments,"I wish there was a bus that went straight from the Union to the hospital, Carle and OSF, so that it was easier to get there when sick or for volunteers or students working there part time.",Student,,,Suggested,Automated provisional suggestion; read in context before accepting.
54e2dbc0bed0a48534b8,97,safety_comments,I have to walk a few blocks to my parking area (closest lot with parking available to my workplace). I sometimes feel unsafe on this walk- especially in the winter when it is dark in the early evening or when sidewalks have not been well cleared of ice & snow. Parking options that are closer to my workplace would make me feel safer.,Staff,Lighting and personal security | Maintenance and weather resilience | Parking access and affordability,Lighting and personal security | Maintenance and weather resilience | Parking access and affordability,Suggested,Automated provisional suggestion; read in context before accepting.
1f64ba4b9b6d2ed63729,98,safety_comments,More accountability for the bicyclists and walkers on campus. Maybe police on foot patrol on campus.,Staff,Road-user conduct and enforcement | Maintenance and weather resilience,Road-user conduct and enforcement | Maintenance and weather resilience,Suggested,Automated provisional suggestion; read in context before accepting.
e7c35d774549a96cef06,98,network_comments,Students need to pay better attention while navigating the campus.,Staff,,,Suggested,Automated provisional suggestion; read in context before accepting.
ceef9f18028a9cbf694a,99,safety_comments,"Overall I find biking and walking on campus very safe. Issues usually seem when cars don't pay attention to others or cyclists/pedestrians don't pay attention. Improving safety when crossing high traffic streets to get to campus, for example Lincoln or Neil, would help me feel safer.",Staff,Crossings and motor-vehicle exposure | Road-user conduct and enforcement,Crossings and motor-vehicle exposure | Road-user conduct and enforcement,AI reviewed,"Generally safe, with specific driver/pedestrian attention and crossing concerns."
dfc6770c4c89a47ee55a,99,network_comments,"I think the campus transportation network overall works well for non-car options, and I can get to most places by walking, bike, or bus. Sometimes the options coming into campus are more limited.",Staff,,,Suggested,Automated provisional suggestion; read in context before accepting.
5d719f4a0471b29ba8af,101,safety_comments,"Students not attentive to what is going on, on their devices, and walking out into traffic",Staff,Road-user conduct and enforcement,Road-user conduct and enforcement,Suggested,Automated provisional suggestion; read in context before accepting.
4cbc3df55cfca8fcb27e,101,network_comments,more parking needs to be available in areas convenient to work locations for those commuting in to campus for work.,Staff,Parking access and affordability,Parking access and affordability,Suggested,Automated provisional suggestion; read in context before accepting.
c04fc7c2d11787e7f99c,102,safety_comments,"Biggest safety concern is pedestrians and cyclists crossing the roads at inconvenient passing points where they are obscured by bus, car, or some other obstacle, and pedestrians and cyclists not following the rules of the road.",Staff,Crossings and motor-vehicle exposure | Road-user conduct and enforcement,Crossings and motor-vehicle exposure | Road-user conduct and enforcement,Suggested,Automated provisional suggestion; read in context before accepting.
c15c80afaeb5389743be,102,network_comments,"I think it is fine. I really appreciate all the flexible options. I think there needs to be greater safety enhancements made (like a mandatory presentation during freshman orientation, for instance). Or regular seminars conducted by Public Safety to increase awareness of safe road crossing strategies.",Staff,Crossings and motor-vehicle exposure | Road-user conduct and enforcement | Information and wayfinding,Crossings and motor-vehicle exposure | Road-user conduct and enforcement | Information and wayfinding,Suggested,Automated provisional suggestion; read in context before accepting.
d2f22382c73936f0432b,103,safety_comments,Springfield ave needs a bike lane and better crossings,Student,Protected and connected cycling | Crossings and motor-vehicle exposure,Protected and connected cycling | Crossings and motor-vehicle exposure,Suggested,Automated provisional suggestion; read in context before accepting.
529e3b650105e07a93d5,103,network_comments,"The 220N/S Illini Limited line sucks, it cuts off the music building, ISR, LAR/CRCE, and FAR/PAR on weekends",Student,,,Suggested,Automated provisional suggestion; read in context before accepting.
5b0df137c081b7e3493b,105,safety_comments,crossing busy streets. pedestrian over/under passes would help,Staff,Crossings and motor-vehicle exposure,Crossings and motor-vehicle exposure,Suggested,Automated provisional suggestion; read in context before accepting.
aa936eb740cf51db9529,105,network_comments,people movers like moving sidewalks. Parking garage under the quad.,Staff,Parking access and affordability,Parking access and affordability,Suggested,Automated provisional suggestion; read in context before accepting.
29d2ad1577053e181e16,106,safety_comments,no real safety concerns from my perspective,Staff,,,AI reviewed,Explicitly reports no safety concerns.
b8d70ec3b853a24e3214,107,safety_comments,"Lack of awareness/consideration from motor vehicle drivers (not fully stopping at stop signs, speeding) and from pedestrians (inattentiveness). I would feel safer if everyone followed the rules of the road.",Staff,Crossings and motor-vehicle exposure | Road-user conduct and enforcement,Crossings and motor-vehicle exposure | Road-user conduct and enforcement,Suggested,Automated provisional suggestion; read in context before accepting.
e441d56affc74571b08b,107,network_comments,I appreciate all of the infrastructure for biking that has been added and hope this will continue to expand. I would personally like to see more roads where car traffic is limited or not allowed (drivers do some wild stuff on Wright Street),Staff,,,Suggested,Automated provisional suggestion; read in context before accepting.
67caf136c97b879d60b1,108,safety_comments,People on bikes and scooters are reckless and go the wrong way down roads. They also go too fast on sidewalks.,Staff,Road-user conduct and enforcement | Micromobility conflicts,Road-user conduct and enforcement | Micromobility conflicts,Suggested,Automated provisional suggestion; read in context before accepting.
1d8993c61d55cda1767f,108,network_comments,"John street at 6th should run away from campus and not all one ways going to 6th street. It's too congested, especially with all the pedestrians and the bikers/scooters going the wrong way down 4th. This intersection seems really dangerous.",Staff,Road-user conduct and enforcement | Micromobility conflicts,Road-user conduct and enforcement | Micromobility conflicts,Suggested,Automated provisional suggestion; read in context before accepting.
0f1ef7a37ade087a6fd4,111,network_comments,"More metered parting spots, and make the parking rates the same across all UI meters, not different for each lot or street meter.",Staff,Parking access and affordability,Parking access and affordability,Suggested,Automated provisional suggestion; read in context before accepting.
c430a7f8b3a6194b2139,112,network_comments,A lot more trees on the south side of east-west sidewalks and trees on the corner of intersections so when you are standing waiting to cross you can have some shade in the warmer months.,Student,,,Suggested,Automated provisional suggestion; read in context before accepting.
d14a72911c550087f06b,113,safety_comments,"There are significant safety concerns due to increased traffic congestion around 6th and John. Matters are made worse by individuals who ride their bikes, motorized scooters, and skateboards the wrong way down one-way streets and by pedestrians who don't look before crossing the street. Cars can't get through the lights/stop signs, traffic backs up, and everyone gets frustrated. While this has always been an issue during high-traffic times, it's gotten substantially worse since the apartment buildings were built. The fact that pedestrians, bicyclists, and those on electric scooters have so little concern about walking out in front of traffic is terrifying. Driving on campus streets that have designated crosswalks where you stop for pedestrians are always a hazard. Those riding bikes attempt to cross without looking and I know of two individuals who have had a bicyclist crash into the side of their vehicles. Please start encouraging pedestrian traffic to follow the walk signs and look both ways before they cross the street and enforce that bikes follow the rules of the road.",Staff,Crossings and motor-vehicle exposure | Road-user conduct and enforcement | Micromobility conflicts | Maintenance and weather resilience,Crossings and motor-vehicle exposure | Road-user conduct and enforcement | Micromobility conflicts | Maintenance and weather resilience,Suggested,Automated provisional suggestion; read in context before accepting.
fca878ef927993f51701,113,network_comments,"Encouraging pedestrians, bicyclists, and vehicles to do their part to be courteous would go a long way. Additionally, finding ways to ease the traffic congestion would be appreciated.",Staff,Maintenance and weather resilience,Maintenance and weather resilience,Suggested,Automated provisional suggestion; read in context before accepting.
1e840693c8a798c1386f,114,safety_comments,"Several streets feel dangerous to cross even on protected sidewalks. Springfield Ave is a death trap, the only ""safer"" crossing is by Grainger and the CIF, with the flashing lights. More safety measures need to be added when crossing streets in these areas.",Student,Crossings and motor-vehicle exposure | Maintenance and weather resilience,Crossings and motor-vehicle exposure | Maintenance and weather resilience,Suggested,Automated provisional suggestion; read in context before accepting.
e35e3ed66ce36549b8d7,115,network_comments,More buses,Student,,,Suggested,Automated provisional suggestion; read in context before accepting.
b285f076560f095d17f1,116,safety_comments,"Directionally challenged, do not read a map well",Staff,Information and wayfinding,Information and wayfinding,Suggested,Automated provisional suggestion; read in context before accepting.
c206bd900015732ee461,116,network_comments,Buses seem to work great on campus but are very bad in the community.,Staff,,,Suggested,Automated provisional suggestion; read in context before accepting.
7805ff1d6411033343b8,120,safety_comments,My biggest safety concern is young students driving sports cars or big trucks too fast.,Student,Crossings and motor-vehicle exposure,Crossings and motor-vehicle exposure,Suggested,Automated provisional suggestion; read in context before accepting.
04106485b835a9fb00d4,120,network_comments,"Our campus has an amazing transportation network, to include buses! I would like to see red light cameras to catch people who drive too fast.",Student,Road-user conduct and enforcement,Road-user conduct and enforcement,Suggested,Automated provisional suggestion; read in context before accepting.
9fa1cd194da415297c9e,121,safety_comments,I try to go rollerblading when I can but most sidewalks and roads near my house have potholes or cracks that I can easily trip in. The sidewalks in particular are very bumpy and occasionally tilted at high angles or straight up gone (missing sections in the middle).,Student,Maintenance and weather resilience,Maintenance and weather resilience,Suggested,Automated provisional suggestion; read in context before accepting.
8f680d18503a5ff86387,121,network_comments,"I really like how many bus stops there are! It actually lets me get around and have a life without a car (I don't want to drive for personal reasons), unlike other places. I wish that the 220N/S mornings had the same stops as the 22N/S weekday (or 220N/S night) though, because that's the only one that stops near my house and it doesn't during the weekend mornings when I actually get the chance to go out and do things.",Student,Transit reach and hours | Lighting and personal security,Transit reach and hours | Lighting and personal security,Suggested,Automated provisional suggestion; read in context before accepting.
77655df45a1193ef585d,122,safety_comments,"The electric skateboards in the street at 20+ MPH blowing through stop signs and weaving in traffic. No one wants to hurt a person and their reckless ""rolling"" is going to create a crisis for someone. Also pedestrians step out in traffic with their face in the phones",Staff,Road-user conduct and enforcement | Micromobility conflicts,Road-user conduct and enforcement | Micromobility conflicts,Suggested,Automated provisional suggestion; read in context before accepting.
c64f433a7357b80df7f3,122,network_comments,The one way traffic maze close to campus might be counter productive. The electronic parking meters which do not allow coins are a step backward. Coins are so convenient for short trips into campus.,Staff,Parking access and affordability,Parking access and affordability,Suggested,Automated provisional suggestion; read in context before accepting.
81a4ef56bd957a699fd3,124,safety_comments,"Bike paths not being large enough to pass safely on, and students walking on the bike path.",Student,Protected and connected cycling,Protected and connected cycling,Suggested,Automated provisional suggestion; read in context before accepting.
44d6d3e810efb47ec730,124,network_comments,"I love that the bus is free, and that routes are usually pretty frequent. However it’s awful that there’s no direct east to west bus route on the weekends; it makes it difficult for me to get to the ARC as someone that lives in Urbana.",Student,Transit operations | Transit reach and hours,Transit operations | Transit reach and hours,Suggested,Automated provisional suggestion; read in context before accepting.
921cf9c7dbac1b05dc46,127,safety_comments,"Pedestrians not paying attention, walking into traffic or against lights; cars not watching for pedestrians. Snow-covered or icy sidewalks are dangerous. More emergency call boxes around campus. Safe walks after dark.",Staff,Road-user conduct and enforcement | Lighting and personal security | Maintenance and weather resilience,Road-user conduct and enforcement | Lighting and personal security | Maintenance and weather resilience,Suggested,Automated provisional suggestion; read in context before accepting.
788b68cc3cffe682ad20,127,network_comments,"Buses are not on time and are very crowded, making it impossible to rely completely on published schedules. Buses do not always get me close enough to my destination. Bus schedules are very difficult to figure out.",Staff,Transit operations,Transit operations | Transit reach and hours | Information and wayfinding,AI reviewed,"Punctuality, crowding, destinations, and difficulty understanding schedules."
5a72f76ae52f642bdc56,128,network_comments,"At the bus stops with the screens, add the current stop the bus is at so it is easier to estimate the time it will take",Student,,,Suggested,Automated provisional suggestion; read in context before accepting.
a541deba815bb3537047,129,safety_comments,The condition of the sidewalks and roadways is poor,Staff,,,Suggested,Automated provisional suggestion; read in context before accepting.
7e947035f64db26cf52f,132,safety_comments,Safe place to store bike,Faculty,Micromobility conflicts,Micromobility conflicts,Suggested,Automated provisional suggestion; read in context before accepting.
367955c8ecf9593c5b6c,132,network_comments,Locked faculty bike cages or monitored parking spot for bike,Faculty,Protected and connected cycling | Parking access and affordability,Protected and connected cycling,AI reviewed,Secure bike storage request.
3b07b2a2283ccac97e71,133,safety_comments,"Better maintenance of bike lanes on campus, some are very uneven (I've most noticed along Gregory Drive). Less or at least much better corralling of rental e-bikes and educating students on safe riding of them (particularly with regard to when it is legal to ride on sidewalks vs road).",Staff,Protected and connected cycling | Road-user conduct and enforcement | Micromobility conflicts | Maintenance and weather resilience,Protected and connected cycling | Road-user conduct and enforcement | Micromobility conflicts | Maintenance and weather resilience,Suggested,Automated provisional suggestion; read in context before accepting.
54fe0859c51a116297be,139,safety_comments,"The biggest issue is cars that park in bike lanes, making it difficult to navigate the streets",Staff,Protected and connected cycling,Protected and connected cycling,AI reviewed,Cars parked in bike lanes obstruct a usable cycling route.
908270534f0a78df3fa7,140,safety_comments,Cars making turns onto side streets in front of me tend to pose the greatest risk because they are either going to fast or do not see me. Intersections with squared off corners to force cars to slow down around turns are generally beneficial in addition to lowering speeds in heavily trafficked areas.,Student,Crossings and motor-vehicle exposure,Crossings and motor-vehicle exposure,Suggested,Automated provisional suggestion; read in context before accepting.
3cd534d339faa934cd18,142,safety_comments,Potholes on Lincoln,Student,Maintenance and weather resilience,Maintenance and weather resilience,Suggested,Automated provisional suggestion; read in context before accepting.
205772df7840abe63f2c,142,network_comments,More bus times,Student,,,Suggested,Automated provisional suggestion; read in context before accepting.
fa5b25c5006b35cc085b,143,safety_comments,"Distracted drivers/cyclists who don't give way appropriately to pedestrians (Springfield Ave, Green St pedestrian crossings)",Student,Crossings and motor-vehicle exposure | Road-user conduct and enforcement,Crossings and motor-vehicle exposure | Road-user conduct and enforcement,Suggested,Automated provisional suggestion; read in context before accepting.
5dfe39ad1fbfb0e4ebcb,143,network_comments,"It's decent, but I think there is certainly room for improvement. Dedicated bike lanes would go a long way to improving people flows through the campus and an expansion of certain sidewalks would be beneficial too which have high usage during peak/rush times (at the hour and half hour during the middle of the day at class times).",Student,Protected and connected cycling,Protected and connected cycling,Suggested,Automated provisional suggestion; read in context before accepting.
45757e1b98e4058ae398,144,safety_comments,Exiting the Pennsylvania/4th street parking garage. You cannot see to the west of the north exit when cars are parked on south side of the road.,Staff,Parking access and affordability,Parking access and affordability,Suggested,Automated provisional suggestion; read in context before accepting.
2e22f735431e1985c9ab,144,network_comments,no opinion,Staff,,,Suggested,Automated provisional suggestion; read in context before accepting.
d7375c40f4224b6e2768,146,safety_comments,"Cars. Bus are fine, great and well trained drivers.",Other / multiple roles,Maintenance and weather resilience,Maintenance and weather resilience,Suggested,Automated provisional suggestion; read in context before accepting.
f5f6e5cf94730bca57cf,146,network_comments,"Some of the biggest issues for bicyclist are with problematic intersections in Champaign. See the CCB bike map for the red/orange circles that identify the challenges in going east-west in Champaign. A second huge opportunity would be to lower the default speed of all neighborhood, non-arterial roads to 20 or 25 mph. These two items will improve getting to campus, so more people will ride. A third is to create a network of separated bike paths through our community. Extended the Kickapoo Rail Trail west and connecting it with campus will be the first step, and from there it can expand.",Other / multiple roles,Protected and connected cycling | Maintenance and weather resilience | Information and wayfinding,Protected and connected cycling | Maintenance and weather resilience | Information and wayfinding,Suggested,Automated provisional suggestion; read in context before accepting.
c7edca6c18b2c8d5b9c7,147,safety_comments,My biggest safety concern is walking alone at night.,Student,Lighting and personal security,Lighting and personal security,AI reviewed,Walking alone at night.
9402b5fbb8a51195d320,147,network_comments,"There is a general lack of parking on campus, which is difficult for when I need my car after the bus service to lot E14 ends.",Student,Transit reach and hours | Maintenance and weather resilience | Parking access and affordability | Car-dependent responsibilities,Transit reach and hours | Maintenance and weather resilience | Parking access and affordability | Car-dependent responsibilities,Suggested,Automated provisional suggestion; read in context before accepting.
c494613c5d961b9a0f6a,148,safety_comments,I am not comfortable walking at night alone on campus.,Staff,Lighting and personal security,Lighting and personal security,Suggested,Automated provisional suggestion; read in context before accepting.
4db51deab3f04317acae,148,network_comments,"Good bus service within the campus area, but beyond that is less convenient",Staff,Maintenance and weather resilience,Maintenance and weather resilience,Suggested,Automated provisional suggestion; read in context before accepting.
b051a4d65a22f1383f1d,150,safety_comments,"Cars driving fast through campus, especially on narrow streets and in large parking lots.",Student,Parking access and affordability,Parking access and affordability,Suggested,Automated provisional suggestion; read in context before accepting.
c1c6d312304e78d764a0,150,network_comments,"Campus has a great transportation network (but it is a bit too car-centered). Improvements: 1) Closing off the block of W Springfield Ave near Grainger Engineering Library to thru traffic (Pedestrianizing the whole block would be great, but adding a barrier at the Library crosswalk to stop thru traffic would be enough) ; 2) Pedestrianizing most of Mathew Ave south of the Grainger Engineering Library; 3) Expanding the bus only area of S Wright St and make it more obvious that it is bus only; 4) Decrease parking footprint by centralizing parking into parking garages instead of surface parking lots (Campus has an excess of parking. There is no reason for it to take up so much space)",Student,Transit operations | Crossings and motor-vehicle exposure | Maintenance and weather resilience | Parking access and affordability,Transit operations | Crossings and motor-vehicle exposure | Maintenance and weather resilience | Parking access and affordability,Suggested,Automated provisional suggestion; read in context before accepting.
4fe5b4f88b99cbafc89f,151,safety_comments,Cyclists disobeying traffic laws and people driving around stoned.,Staff,Road-user conduct and enforcement,Road-user conduct and enforcement,Suggested,Automated provisional suggestion; read in context before accepting.
f1fac940b0c6456c35b1,152,safety_comments,Foot and bike traffic. Bike path and sidewalk repair would help.,Staff,Protected and connected cycling | Maintenance and weather resilience,Protected and connected cycling | Maintenance and weather resilience,Suggested,Automated provisional suggestion; read in context before accepting.
44554ed97fa58cfa8640,153,safety_comments,"snow and ice in winter make biking difficult or unsafe, lack of bike lanes in outer areas of campus",Student,Protected and connected cycling | Maintenance and weather resilience,Maintenance and weather resilience | Protected and connected cycling,AI reviewed,Winter usability and bike-lane gaps beyond campus.
e460d01191b37b734dbe,154,network_comments,"MTD hired driver drive so badly that every time when there was no seat on the bus, it hurt to grip the ring when braking.",Student,,,Suggested,Automated provisional suggestion; read in context before accepting.
6554413ad51e06a67ce4,156,network_comments,"Pretty good, buses can be a bit unreliable due to the app not being updated as quickly",Student,Transit operations | Information and wayfinding,Transit operations | Information and wayfinding,Suggested,Automated provisional suggestion; read in context before accepting.
02b1836159945f62f2ae,158,safety_comments,"There are places where, on my bike, I have to go into traffic, especially to make a left turn. I also hate that the bike path down Dorner just ends at Pennsylvania, making turning left/east onto Pennsylvania very difficult from the bike path, so I usually choose to ride down the street, which also isn't ideal.",Faculty,Protected and connected cycling,Protected and connected cycling,Suggested,Automated provisional suggestion; read in context before accepting.
2cfef0f6ceb6bdbbbc85,158,network_comments,"I really wish the buses weren't so crowded. I hate waiting for the bus only to not be able to get on or having standing room only with people having to push through to get on/off. I also wish there were better bus routes from south Urbana to downtown Urbana, but that's not a campus thing!",Faculty,Transit operations | Transit reach and hours,Transit operations | Transit reach and hours,AI reviewed,Bus crowding and a specific off-campus route request.
c4d81be768568c0bbbe7,159,safety_comments,Getting hit by a vehicle while walking or on a bike and unprotected bike lanes. Wider and better protected bike lanes would be nice. The quad is great because there are no vehicles. A protected bike lane down all of green would be convenient.,Student,Protected and connected cycling | Crossings and motor-vehicle exposure | Maintenance and weather resilience,Protected and connected cycling | Crossings and motor-vehicle exposure | Maintenance and weather resilience,Suggested,Automated provisional suggestion; read in context before accepting.
58dedbc89d16a5e45951,159,network_comments,I think it’s pretty great and convenient! My only complaint is that the bus service on weekends is limited. Having a 24 hr bus service could also be nice on weekends.,Student,Transit reach and hours | Maintenance and weather resilience,Transit reach and hours | Maintenance and weather resilience,Suggested,Automated provisional suggestion; read in context before accepting.
037a8cf9cecec91e8bab,160,safety_comments,"Too many cars, too many streets with parking both sides, two-way traffic PLUS MTD. Need central campus to be much more pedestrian friendly.",Faculty,,,Suggested,Automated provisional suggestion; read in context before accepting.
afc901f8b140744620a2,160,network_comments,Central campus should be pedestrian zone. They're are to many people on campus too continue to allow free access to cars Bus service only is perfectly acceptable and understandable.,Faculty,Maintenance and weather resilience,Maintenance and weather resilience,Suggested,Automated provisional suggestion; read in context before accepting.
1281afc0adf603bba961,161,safety_comments,"Some intersections are somewhat dangerous, especially Pennsylvania and Dorner by PAR.",Student,,,Suggested,Automated provisional suggestion; read in context before accepting.
0fbd6d048731aa1cb605,161,network_comments,"It's adequate most of the time, though oftentimes buses are overly crowded and more late than not.",Student,Transit operations,Transit operations,Suggested,Automated provisional suggestion; read in context before accepting.
322fcb0b397aee9d7878,162,network_comments,I wish there was a list of all the buildings on campus with bike racks,Student,Protected and connected cycling,Protected and connected cycling,Suggested,Automated provisional suggestion; read in context before accepting.
cdc1753d507573a57257,163,safety_comments,"Safety! UIPD presence AND enforcement is necessary No patrol of bicycle usage - users going the incorrect direction on streets, lack of following rules of the road Pedestrians not obeying signals; needs enforcement",Staff,Road-user conduct and enforcement | Maintenance and weather resilience,Road-user conduct and enforcement | Maintenance and weather resilience,Suggested,Automated provisional suggestion; read in context before accepting.
60571272e15b0354bb43,163,network_comments,roadways and sidewalks need repair,Staff,Maintenance and weather resilience,Maintenance and weather resilience,Suggested,Automated provisional suggestion; read in context before accepting.
118227af57256d4f93fc,167,network_comments,"Overall, the transit system is very nice in the area. I do wish that it extended further away from campus. I stay at Campus Circle which is north of University Ave and is not great to cross on bike. Also, I use my car to get groceries since target is missing many things I need and it takes too long to get to county market or Walmart by bus.",Student,Transit operations | Transit reach and hours | Maintenance and weather resilience,Transit operations | Transit reach and hours | Maintenance and weather resilience,Suggested,Automated provisional suggestion; read in context before accepting.
50b707e2fe27bf77e032,168,safety_comments,"There are 2 spots where I daily have to watch carefully for unpredictable driver behavior while cycling: 1) on the east side of the loop driveway in front of the Union where turning cars can't see around the bus shelter (it is also very tricky to figure out how to walk up to the Union front door from the southeast Green St. sidewalk) 2) the stop sign just east of the Campus Bike Center is not well-obeyed, particularly by southbound drivers; I think this intersection is so physically large that drivers don't see everyone there in all the lanes at once and don't know whose turn it is (could we get a stoplight with a fast cycle?) The cute ""bikes can go"" stoplight by the Catholic church does not have a protected option for those turning left from the westbound bike lane to the southbound bike lane at that intersection. When bikes get a green light, cars from the other direction do too, and this is not necessarily intuitive (and is a bit scary to discover the first time one tries to turn left there). The special bike signal to me implies that it's safe to go, just like a pedestrian walk signal doesn't also allow cars to go, although maybe I misunderstand what those lights mean. That light won't wait for bikes if there are a lot of oncoming cars, also. My husband who drives on Lincoln is terrified of hitting students who are crossing Lincoln in the dark. Could we illuminate specifically the crosswalks and mid-Lincoln crossing points? Not looking for light pollution here, just some strategically placed lighting to make it easier to tell from further away if someone's in the crosswalk even when they're bundled up in dark coats in the winter.",Staff,Transit operations | Transit reach and hours | Protected and connected cycling | Crossings and motor-vehicle exposure | Road-user conduct and enforcement | Lighting and personal security | Maintenance and weather resilience,Transit operations | Transit reach and hours | Protected and connected cycling | Crossings and motor-vehicle exposure | Road-user conduct and enforcement | Lighting and personal security | Maintenance and weather resilience,Suggested,Automated provisional suggestion; read in context before accepting.
59439af5f8fb7f3f511b,168,network_comments,"They're clearly trying. Green Street is definitely designed for cars to go straight through and for visual effect. The Wright-Union-Mathews area is awkward for everybody. I know MCore redesigned that recently, but it looks like it was designed to be pretty instead of accounting for how many cars want to turn south from Green St. while lots of pedestrians want to walk east-west on the south sidewalk. The pedestrian signal at Green & Wright is far too short, except when it's so freezing out that only a few people are crossing. Then there's a left turn signal even when there are no cars turning left from Green St., so pedestrians are getting in the habit of just continuing to cross anyway through the left turn signal. A few seconds more on the pedestrian signal, plus putting a sensor in the Green St. left turn lanes, would likely be less frustrating for all road users.",Staff,Crossings and motor-vehicle exposure,Crossings and motor-vehicle exposure,Suggested,Automated provisional suggestion; read in context before accepting.
edb6a9125133bb1fbbb6,169,safety_comments,Pathways are usually full of pedestrians.,Student,,,Suggested,Automated provisional suggestion; read in context before accepting.
0556a423d80c160069a0,169,network_comments,More reliable and shorter wait times for buses; more dedicated bike paths through and around campus.,Student,Transit operations | Protected and connected cycling,Transit operations | Protected and connected cycling,Suggested,Automated provisional suggestion; read in context before accepting.
7cb1b54e7f67435c4058,170,safety_comments,"Crossing roads can be dangerous, particularly Wright, Springfield, and Green. It can also get miserable during the summer. Ideally, it would be nice to be able to get between more of the buildings without having to go outside (tunnels, bridges) like the ones that exist in the civil engineering building (or the inaccessible one between ECEB and Beckman).",Student,Crossings and motor-vehicle exposure | Maintenance and weather resilience,Crossings and motor-vehicle exposure | Maintenance and weather resilience,Suggested,Automated provisional suggestion; read in context before accepting.
845640172a6bafa9f2ef,170,network_comments,"It is very good. It seems to be very accessible and the bus system seems to be very good. Despite not using the bus system or bike racks, I would support spending more on these services (including increasing my fees to do so) as they make it less car congested and make meeting with someone easier. I do not support the Veo or any other electric rental transportation service and would like to see these services reduced. The renters of these ride dangerously, leave the equipment laying in inconvenient places, and generally are a nuisance. Please quintuple my student transportation fee if this justifies removing these.",Student,Protected and connected cycling | Micromobility conflicts | Maintenance and weather resilience,Protected and connected cycling | Micromobility conflicts | Maintenance and weather resilience,Suggested,Automated provisional suggestion; read in context before accepting.
a949c524eeebe831e164,171,network_comments,"Less cars on green street and more buses to help people living far out past 1st street. 🙏 And more pedestrian flashing light crossing signs, particularly at 1st and Daniel bus stop crossing across first street. The street crossing here is extremely dangerous and there are frequent near collisions.",Student,Transit operations | Crossings and motor-vehicle exposure,Transit operations | Crossings and motor-vehicle exposure,Suggested,Automated provisional suggestion; read in context before accepting.
9f9e2d6ddeeae6c10f93,172,safety_comments,"I often bike to campus via Oregon Street in Urbana, and the brief left turn required to cross Lincoln Avenue is sometimes hair-raising. It would be nice if there were a designated crossing somewhere near that block. Other than that, I bike on Green Street, which is usually great. But occasionally in the winter the bike lanes have been blocked by snow berms left over from when the roads were plowed--sometimes 1-2 feet tall and remaining in place for several days. One time this winter, a snow berm cutting diagonally across the bike lane caught me by surprise as I approached the Illini Union bus stops, and it forced me into the bus lane. It would be really nice if someone could shovel the bike lanes after the snow plows come through.",Faculty,Protected and connected cycling | Crossings and motor-vehicle exposure | Micromobility conflicts | Maintenance and weather resilience,Protected and connected cycling | Crossings and motor-vehicle exposure | Micromobility conflicts | Maintenance and weather resilience,Suggested,Automated provisional suggestion; read in context before accepting.
6a8ec2b3240670299ae4,172,network_comments,"Overall I'm very happy with my transportation options in town. I can bike to work almost year-round and walk when there's too much snow. The buses aren't frequent enough for me to rely on them for my daily commute, but they're another good option in winter weather and for longer trips (except to the airport).",Faculty,Transit operations | Transit reach and hours | Maintenance and weather resilience,Transit operations | Transit reach and hours | Maintenance and weather resilience,Suggested,Automated provisional suggestion; read in context before accepting.
f30fc50f30a93cb908b1,173,safety_comments,"People who cannot drive are my biggest enemy, as well as pedestrians walking and not looking",Student,,,Suggested,Automated provisional suggestion; read in context before accepting.
d1b40cf42ae29abd6dc1,173,network_comments,"Pretty good, as a biker it would be nice to have more bike lanes. Especially on Lincoln Ave that would be super helpful.",Student,Protected and connected cycling | Maintenance and weather resilience,Protected and connected cycling | Maintenance and weather resilience,Suggested,Automated provisional suggestion; read in context before accepting.
01038ac08e562154e0a0,174,network_comments,"Bike infrastructure is getting better but still has a long way to go. It would be nice if there was better policing of things like bike lanes/paths (e.g., lots of people on Green Street and elsewhere seem to think bike lanes are parking lanes). There are many users of the road who do not follow the rules of the road and a better combination of education and enforcement might be helpful. For example, many escooter, ebikers, bikers, drivers, and pedestrians completely disregard things like Stop signs throughout campus causing all kinds of dangerous and near miss situations on a daily basis. Also, the escooter riders in particular seem to take greater risks and I think this may have some connection with the vehicle's slimmer profile, but they are possibly the most dangerous and misused vehicles on campus, I think a more serious look at banning them would be worthwhile.",Staff,Protected and connected cycling | Road-user conduct and enforcement | Micromobility conflicts | Maintenance and weather resilience,Protected and connected cycling | Road-user conduct and enforcement | Micromobility conflicts | Maintenance and weather resilience,Suggested,Automated provisional suggestion; read in context before accepting.
32243779aabd15af389a,176,safety_comments,Other bikers not following rules; people walking in bike lanes; people with ear phones in that aren't aware of surroundings/paying attention,Faculty,Protected and connected cycling | Road-user conduct and enforcement,Protected and connected cycling | Road-user conduct and enforcement,Suggested,Automated provisional suggestion; read in context before accepting.
746b3a84293d1d6f2bc7,176,network_comments,"Busses are very good. Bikers need to be better educated so they use the right pathways. Signage that says to pedestrians ""don't walk in bikeways""",Faculty,Protected and connected cycling | Road-user conduct and enforcement | Information and wayfinding,Protected and connected cycling | Road-user conduct and enforcement | Information and wayfinding,Suggested,Automated provisional suggestion; read in context before accepting.
a773348bbbd01d551a8f,179,safety_comments,"You can’t control the most unsafe part of walking or biking, which is the weather in Illinois. There are no safety measures that can protect a biker when they slip on ice, or prevent extreme cold or heat from causing health risks. Riding in a car protects from all of this.",Staff,Protected and connected cycling | Maintenance and weather resilience,Protected and connected cycling | Maintenance and weather resilience,Suggested,Automated provisional suggestion; read in context before accepting.
642459eea263530e7263,179,network_comments,"The ICap goal to reduce driving on campus to 30% is completely ignorant and based on no reality. We live in Illinois, where it’s snowy and cold for several months of the academic year, then has extreme heat during the parts of the Summer. Only a vehicle provides the protections, reliability, and safe methods of getting to work needed to get to campus every day in every weather. You can build all the bike paths in the world and still it’s not feasible for everyone to travel several miles onto campus for work. Stop closing parking lots and adding bike parking and thinking that will fix the issues.",Staff,Protected and connected cycling | Micromobility conflicts | Maintenance and weather resilience | Parking access and affordability,Car-dependent responsibilities | Maintenance and weather resilience | Parking access and affordability,AI reviewed,"Resistance to driving-reduction goal tied to weather, distance, reliability, and parking changes."
095eb5f953d324c9bfbe,180,network_comments,"For those living on or very near (within a couple of miles) to campus, there are an abundance of non-personal vehicle transportation options. Once I have commuted to campus, I usually walk or take the bus to other locations on campus. I would like to see less of the motorized scooters on campus and inside campus buildings.",Staff,Micromobility conflicts,Micromobility conflicts,Suggested,Automated provisional suggestion; read in context before accepting.
1cc9b2d8575625b6613d,181,network_comments,"Outside of students not paying attention while they are walking and crossing streets, transportation is fine.",Staff,Crossings and motor-vehicle exposure | Road-user conduct and enforcement,Crossings and motor-vehicle exposure | Road-user conduct and enforcement,Suggested,Automated provisional suggestion; read in context before accepting.
85ae0d83f9e6d9de0064,184,safety_comments,Traffic,Staff,,,Suggested,Automated provisional suggestion; read in context before accepting.
84503c1963f73f91459c,184,network_comments,Better bike access from east.,Staff,,,Suggested,Automated provisional suggestion; read in context before accepting.
1b38c5e6ea0f506dcb26,185,network_comments,"Better care for ground maintenance, infrastructure to accommodate all modes of transportation, safety.",Staff,Maintenance and weather resilience,Maintenance and weather resilience,Suggested,Automated provisional suggestion; read in context before accepting.
94e1f3254d0428886448,186,network_comments,"I wish there were more reciprocal lots, meaning that if I pay for a parking permit in one location, I could use it elsewhere on campus without having to then pay a meter to park.",Staff,Parking access and affordability,Parking access and affordability,Suggested,Automated provisional suggestion; read in context before accepting.
0b65fcef7fe7ec6c9987,188,network_comments,Overall I think its very good! Some old sidewalks and bike paths could be repaired and repainted but those are really my only problems!,Student,Protected and connected cycling | Maintenance and weather resilience,Protected and connected cycling | Maintenance and weather resilience,Suggested,Automated provisional suggestion; read in context before accepting.
b59108f305f11cba240f,189,safety_comments,"I am rarely on campus after dark and my parking lot is very close to my place of work. Overall, I do not have safety concerns while on campus.",Staff,Lighting and personal security | Parking access and affordability,Lighting and personal security | Parking access and affordability,Suggested,Automated provisional suggestion; read in context before accepting.
0a83550fc305a03ce1d6,189,network_comments,"Overall, I think the partnership with MTD provides ample transportation, however; I rarely use MTD.",Staff,,,Suggested,Automated provisional suggestion; read in context before accepting.
80c099564606455ecb95,190,safety_comments,"Cyclists often disregard traffic signals, while some drivers fail to pay attention, speed, and run stop signs or pedestrian crosswalks.",Staff,Crossings and motor-vehicle exposure | Road-user conduct and enforcement,Crossings and motor-vehicle exposure | Road-user conduct and enforcement,Suggested,Automated provisional suggestion; read in context before accepting.
4f76219ade106948a3be,190,network_comments,"I would like to see more stop signs at certain pedestrian crosswalks, as I’ve witnessed many instances where drivers ignore them and seem as if they have no intention of stopping.",Staff,Crossings and motor-vehicle exposure | Road-user conduct and enforcement,Crossings and motor-vehicle exposure | Road-user conduct and enforcement,Suggested,Automated provisional suggestion; read in context before accepting.
15ec497848b850053da8,191,safety_comments,"Bicycles, Scooters, Skateboards need to stay in their lanes on the roads and sidewalks. Students need to look up when crossing the street.",Staff,Protected and connected cycling | Crossings and motor-vehicle exposure | Micromobility conflicts | Maintenance and weather resilience,Protected and connected cycling | Crossings and motor-vehicle exposure | Micromobility conflicts | Maintenance and weather resilience,Suggested,Automated provisional suggestion; read in context before accepting.
f7c737600ef8a462fcf7,191,network_comments,"Rules for the scooters, bicycles and skateboards. Be courteous.",Staff,Road-user conduct and enforcement | Micromobility conflicts | Maintenance and weather resilience,Road-user conduct and enforcement | Micromobility conflicts | Maintenance and weather resilience,Suggested,Automated provisional suggestion; read in context before accepting.
30f570e9afcec1708594,192,safety_comments,"The bicyclists who run stop signs. I have to watch for cars, bikes running stop signs, scooters and skateboards and pedestrians looking at their phones. Also, the roads I take in to work are in horrible condition. Lincoln Avenue and Oregon are both washboards.",Staff,Road-user conduct and enforcement | Micromobility conflicts | Maintenance and weather resilience,Road-user conduct and enforcement | Micromobility conflicts | Maintenance and weather resilience,Suggested,Automated provisional suggestion; read in context before accepting.
54bdea4320e2d177fded,192,network_comments,Ticket bicyclists that run stop signs and fix the roads.,Staff,Road-user conduct and enforcement | Maintenance and weather resilience,Road-user conduct and enforcement | Maintenance and weather resilience,Suggested,Automated provisional suggestion; read in context before accepting.
1bd18d45e53f94d91722,193,safety_comments,"Campus at night simply feels unsafe, wherever you are, but especially in more remote parts of campus where I work. Better lighting, frequently patrolling university police, CCTV, and more frequently available emergency call boxes/alarm kiosks would help.",Staff,Road-user conduct and enforcement | Lighting and personal security | Maintenance and weather resilience,Road-user conduct and enforcement | Lighting and personal security | Maintenance and weather resilience,Suggested,Automated provisional suggestion; read in context before accepting.
010f71fb7e24198dc83e,194,safety_comments,"I am only on campus during daytime. I feel safe, heavy traffic all over.",Staff,,,Suggested,Automated provisional suggestion; read in context before accepting.
e27688673b7ae9781577,197,safety_comments,Lack of lighting on certain streets in Champaign/Urbana makes me afraid to walk alone at night.,Student,Lighting and personal security,Lighting and personal security,Suggested,Automated provisional suggestion; read in context before accepting.
81245ebf83909e927a80,197,network_comments,I like the bus system and the campus is walkable.,Student,,,Suggested,Automated provisional suggestion; read in context before accepting.
4bfe3880601d95b51116,198,safety_comments,People walking on the bike lanes and cyclists using the pedestrian walkways. I don't know how to improve this.,Staff,Protected and connected cycling | Micromobility conflicts,Protected and connected cycling | Micromobility conflicts,Suggested,Automated provisional suggestion; read in context before accepting.
ca0b4ca541d7dbd7b7fb,199,safety_comments,"add stop signs on Matthews Ave, particularly near the quad",Student,Road-user conduct and enforcement,Road-user conduct and enforcement,Suggested,Automated provisional suggestion; read in context before accepting.
12d91ea193cbf615698d,200,safety_comments,"Cars. Prohibiting passenger vehicle transit on campus roads (green st. from 3rd st. to Lincoln st., Gregory dr. From 6th to dorner, etc.) on weekdays/high-pedestrian traffic times would greatly improve safety",Student,,,Suggested,Automated provisional suggestion; read in context before accepting.
2c3e7f036d25c6ef7fce,201,safety_comments,"I would feel safer both walking and driving if there was some enforcement on cyclist/scooter behavior. People on these vehicles run stop signs, use the sidewalks (even the electric scooters!), and cut around cars to violate crosswalks while pedestrians are in them. It makes me reluctant to bike on campus because I have to ride with them, and makes walking in campus intersections scary. I've seen several of these riders nearly hit by cars near my building because they refuse to slow down around vehicles and pedestrians, and I don't want to see them get hit, or to have them hit someone else.",Faculty,Crossings and motor-vehicle exposure | Road-user conduct and enforcement | Micromobility conflicts,Road-user conduct and enforcement | Micromobility conflicts,AI reviewed,Calls for rule enforcement for cyclists and scooters in shared space.
beb102b0d97aa9f3c2b3,201,network_comments,"In general, moving around campus does not present much issue for me as I can generally stay to the campus center and use the Quad to avoid having to cross streets. When crossing the busier streets, it is a tangle of cars and buses and bikes/scooters, and reduced wheeled traffic would improve things for pedestrians. I'd like to see W Gregory Ave's car ban enforced, it has largely been ignored since the pandemic. The additional stop signs on Gregory near the library and Mumford Hall are an improvement for slowing down traffic on that straightaway. More stops signs at major cross walks (Goodwin at Krannert, for example) would further slow down traffic and encourage more cars to travel around campus rather than through.",Faculty,Transit reach and hours | Crossings and motor-vehicle exposure | Road-user conduct and enforcement | Micromobility conflicts,Transit reach and hours | Crossings and motor-vehicle exposure | Road-user conduct and enforcement | Micromobility conflicts,Suggested,Automated provisional suggestion; read in context before accepting.
4aef4083977f3627e1d2,202,safety_comments,"Biking is my usual commute option, though since I work in Research Park and take classes on campus, I frequently supplement it with taking the bus or driving. My biggest safety concerns are that I might crash by biking into one of those holes in the dirt where the sidewalk makes a right angle. Also, Lincoln Avenue could use a bike lane or bike signs.",Student,Transit operations | Transit reach and hours | Protected and connected cycling,Transit operations | Transit reach and hours | Protected and connected cycling,Suggested,Automated provisional suggestion; read in context before accepting.
2aa576ee2e2ddfa46397,202,network_comments,The transportation network is for the most part well designed. I would like to see a bus route from Orchard Downs to Research Park. Taking the bus to work would be much easier then.,Student,Transit reach and hours,Transit reach and hours,Suggested,Automated provisional suggestion; read in context before accepting.
5d76e747d218233f2fb2,203,safety_comments,I feel safe. I don't walk after dark except in the winter to my parking spot.,Staff,Lighting and personal security | Maintenance and weather resilience | Parking access and affordability,Lighting and personal security | Maintenance and weather resilience | Parking access and affordability,Suggested,Automated provisional suggestion; read in context before accepting.
8d348eefb8cb49a0c70b,203,network_comments,"I am not familiar enough with them to answer. The rare times I rode the bus, I had troubles. One a grouchy driver because I did not know to pull the string when I wanted to get off and the second time I got on the wrong bus and ended up all over town.",Staff,,,Suggested,Automated provisional suggestion; read in context before accepting.
5723830a028e3e2c7f31,204,safety_comments,Too many cars going too fast.,Other / multiple roles,Crossings and motor-vehicle exposure,Crossings and motor-vehicle exposure,Suggested,Automated provisional suggestion; read in context before accepting.
f1e81d5d6d2a3c040dfb,204,network_comments,More car-free streets. More multi-use wide paths. More car speed enforcement.,Other / multiple roles,Crossings and motor-vehicle exposure | Road-user conduct and enforcement,Crossings and motor-vehicle exposure | Road-user conduct and enforcement,Suggested,Automated provisional suggestion; read in context before accepting.
a930759ef3c5b3c0f2ff,205,network_comments,Bus is good,Student,,,Suggested,Automated provisional suggestion; read in context before accepting.
b68e8558a193c69f727e,207,safety_comments,"My biggest issue is pedestrian/vehicle hybrid etiquette. A bicyclist will ride on the road in the bike lane but not stop at signs for pedestrian traffic. When riders (scooters, bicycles) blend between sidewalks and streets, they are not held to a specific set of rules. This makes it less safe for both pedestrians and drivers. I think an explanation of when/where to ride versus ""walk"" scooters/boards/bikes would be helpful.",Staff,Protected and connected cycling | Crossings and motor-vehicle exposure | Road-user conduct and enforcement | Micromobility conflicts | Maintenance and weather resilience,Protected and connected cycling | Crossings and motor-vehicle exposure | Road-user conduct and enforcement | Micromobility conflicts | Maintenance and weather resilience,Suggested,Automated provisional suggestion; read in context before accepting.
24912f008c5f21d270e8,207,network_comments,"I would say the network is generally okay. Coming from out of town, my transportation options are limited. However, I do think the campus transportation network is pretty fluid. It takes everyone being aware of surroundings to make the campus safer in all regards. One thing I notice as a driver is that walk lights could be illuminated longer before bringing a parallel green light, so pedestrians have more chance to get across the street safely before cars start turning.",Staff,Crossings and motor-vehicle exposure | Maintenance and weather resilience,Crossings and motor-vehicle exposure | Maintenance and weather resilience,Suggested,Automated provisional suggestion; read in context before accepting.
524a07ae460de473b0f8,208,safety_comments,"Walking on campus is sometimes worrisome, and I would definitely not walk there after dark. Keep bushes away from building entrances where someone can easily stay hidden and also make good lighting a priority in these areas. For students, they could be more focused on where they ride, walk etc. So many times, they walk right in front of you and don't follow pedestrian and biking rules. I worry for their safety.",Staff,Road-user conduct and enforcement | Lighting and personal security,Road-user conduct and enforcement | Lighting and personal security,Suggested,Automated provisional suggestion; read in context before accepting.
6b730aec655ad478502d,208,network_comments,"I think they do a good job overall. It's always been this way, so we have just learned to manage it.",Staff,,,Suggested,Automated provisional suggestion; read in context before accepting.
0367d64dd9a534ed60fe,210,network_comments,"Bus system is really good. I appreciated using it even to and from work prior to having kids. The university should continue making that a viable option for staff, students, faculty, etc",Staff,Car-dependent responsibilities,Car-dependent responsibilities,Suggested,Automated provisional suggestion; read in context before accepting.
adedab56ecd35056f52f,211,safety_comments,Better bike lanes on south side of campus. Sometimes bike lanes exit into sidewalks which can make it difficult to navigate.,Staff,Protected and connected cycling,Protected and connected cycling,Suggested,Automated provisional suggestion; read in context before accepting.
9be51f92c147b407a01c,211,network_comments,"Overall good. I like the bus network, especially from my home to work. The online bus app isn't always accurate which makes it difficult especially leaving campus.",Staff,Information and wayfinding,Information and wayfinding,Suggested,Automated provisional suggestion; read in context before accepting.
6b46afc60ea8ee49bf95,213,safety_comments,Dedicated bike lanes,Faculty,Protected and connected cycling,Protected and connected cycling,Suggested,Automated provisional suggestion; read in context before accepting.
8bcc6cb6dfaac1f8c20a,215,safety_comments,"Current improvements feel safer than before. But the high-speed, high-volume corridors like Lincoln and Springfield Ave. are challenging to cross by bike/foot.",Staff,,,Suggested,Automated provisional suggestion; read in context before accepting.
ce48cfe964187fe0fbc5,215,network_comments,It's great already!,Staff,,,Suggested,Automated provisional suggestion; read in context before accepting.
f3c91611678f4a9e7c75,216,safety_comments,Less car traffic is needed on campus to ensure pedestrian safety.,Staff,,,Suggested,Automated provisional suggestion; read in context before accepting.
81a9e3ef4c155019625f,217,safety_comments,Students not paying attention.,Staff,Road-user conduct and enforcement,Road-user conduct and enforcement,Suggested,Automated provisional suggestion; read in context before accepting.
844fb09969a2ed854af5,217,network_comments,"It works well from my experience. Taking the bus can be enjoyable, it just takes much longer for me to get to and from work.",Staff,,,Suggested,Automated provisional suggestion; read in context before accepting.
97b894bcea779589ea67,218,safety_comments,Students do not follow rules. Especially when they are on bicycles or other wheels.,Staff,Road-user conduct and enforcement | Maintenance and weather resilience,Road-user conduct and enforcement | Maintenance and weather resilience,Suggested,Automated provisional suggestion; read in context before accepting.
7a8b5af871738060dc9f,218,network_comments,"The bus service is excellent and I used it until recently. I'm older and my retired husband drives me or I drive myself. I don't like waiting for the bus in the cold and walking in the winter from the stop. In my younger years I walked, biked and rode the bus. Never drove.",Staff,Transit operations | Maintenance and weather resilience,Transit operations | Maintenance and weather resilience,Suggested,Automated provisional suggestion; read in context before accepting.
505515a20d95edef7f87,220,safety_comments,The students or public in general not paying attention while walking. To many have their eyes on phone and not where they are going.,Staff,Road-user conduct and enforcement,Road-user conduct and enforcement,Suggested,Automated provisional suggestion; read in context before accepting.
13b76fd4d31a1d641934,220,network_comments,No Skateboard or e-bikes on campus. They are getting to be very dangerous.,Staff,Micromobility conflicts,Micromobility conflicts,Suggested,Automated provisional suggestion; read in context before accepting.
e8d7b3bb9da6d9e54646,221,network_comments,More parking for staff/faculty closer to their building without a waitlist.,Staff,Parking access and affordability,Parking access and affordability,Suggested,Automated provisional suggestion; read in context before accepting.
118bd14e66bdbb046122,222,safety_comments,Driver's paying attention,Staff,Road-user conduct and enforcement,Road-user conduct and enforcement,Suggested,Automated provisional suggestion; read in context before accepting.
a0b4251447803d40f802,222,network_comments,It is really not an option from me living off campus.,Staff,,,Suggested,Automated provisional suggestion; read in context before accepting.
541763c256c77cff35b4,225,safety_comments,"I didn't love walking across the quad to my car during the protests; I got a ride to my car from a co-worker. I don't love walking to my car after work when it gets dark so early, but have never encountered any trouble.",Staff,Lighting and personal security,Lighting and personal security,Suggested,Automated provisional suggestion; read in context before accepting.
12d14d1a3f55cf66740e,226,safety_comments,Sections without sidewalks. Places where bike lanes do not exist or get merged with auto traffic. Unsafe roads to access campus. Roads that become less safe in rain or wintery weather (driver behavior).,Staff,Protected and connected cycling | Micromobility conflicts | Maintenance and weather resilience,Protected and connected cycling | Micromobility conflicts | Maintenance and weather resilience,Suggested,Automated provisional suggestion; read in context before accepting.
9a64e4f0749e1d3ce350,226,network_comments,"The bus system is extensive, but not always convenient for getting to meetings during the day (for me, these are often at distant parts of campus). Buses themselves are cleaner these days, but the suspension often means motion sickness. Funds for bicycling seems to be tied to STUDENT needs, so improvements don't necessarily work well for those of us who live off-campus and commute in. I inquired about a bike path cutting across South campus and was told it would ""cost millions"" to create. :-(",Staff,Transit reach and hours | Protected and connected cycling | Maintenance and weather resilience,Transit reach and hours | Protected and connected cycling | Maintenance and weather resilience,Suggested,Automated provisional suggestion; read in context before accepting.
eecdd997568f8cfc8b03,227,safety_comments,"Cars parking in bike lanes. Trash is everywhere on campus, especially in residential areas. Partially due to litter but also wind blowing trash out of containers.",Student,Protected and connected cycling,Protected and connected cycling,Suggested,Automated provisional suggestion; read in context before accepting.
a0ce6cff9f64172ee7c7,227,network_comments,"The Veoride parking process needs improvement. I do not use Veoride often, but there are too many times where Veoride bikes are left in the way of sidewalks, in front of ramps or stairs, toppled over, and blocking bike locking areas. This is absolutely the fault of Veoride users being inconsiderate and selfish, but I would encourage the app developer to enforce better parking etiquette.",Student,Road-user conduct and enforcement | Micromobility conflicts | Accessibility and usable routes | Information and wayfinding,Road-user conduct and enforcement | Micromobility conflicts | Accessibility and usable routes | Information and wayfinding,Suggested,Automated provisional suggestion; read in context before accepting.
46c3bd1b19046ca0d007,230,safety_comments,"Lots of ""bike lanes"" around campus do not have anything to actually separate bikes from motor traffic, which even at lower speeds feels dangerous around arterials and collectors where drivers like to move fast. I wish there was at least separation by bollard for most if not all paths, but ideally by planter or even physical curb, and that paths were tucked behind parking to prevent dooring.",Student,Protected and connected cycling | Micromobility conflicts,Protected and connected cycling | Crossings and motor-vehicle exposure,AI reviewed,"Requests physical separation, protection from moving traffic, and dooring prevention."
808e8ac0e2f464dc7617,230,network_comments,"It's clear that the transportation network still prioritizes drivers, as there are no enforced bus only lanes, some walking paths around streets are much too narrow, and bike lanes are either poorly design or poor states of repair. That said, I think it is still good overall, but alternative transportation needs to be reward people for taking it, instead of merely ""accommodating."" I'd like to specify with the bike paths in particular: the path linking the end of Peabody to Pennsylvania (around the ACES Library and PAR/FAR residences) is in terrible condition and should be replaced ASAP. The bike path on Matthews around the quad is also in need of improvement, especially with talks of banning bikes on the Main Quad. Not only should overdue maintenance be done, but paths for bikes should be paved with asphalt instead of concrete to provide smoother riding. This may seem trivial, but it greatly enhances the experience AND visually separates bike from walking paths, which can aid the persistent problem of people walking on bikeways. I understand this is a higher maintenance commitment, but to me, if the university can afford to build the North Campus Parking Deck, providing comparatively cheap regular maintenance for the transportation 15% of its student body relies on is a common sense priority. Lastly, I hope the campus adopts a clear policy of parking lot infill if it hasn't already. There are many off street lots in bad condition that seem redundant with so much other parking around (by Art + Design Building, Main Library, Temple Buell and Turner Halls specifically), and I hope these maintenance liabilities are removed either by locating new buildings there instead of further sprawling campus, or by establishing more green space. So far, the university seems to be abiding by this, as seen in Wymer Hall, but I would like this to be a strict policy.",Student,Transit operations | Transit reach and hours | Protected and connected cycling | Road-user conduct and enforcement | Micromobility conflicts | Maintenance and weather resilience | Parking access and affordability,Transit operations | Transit reach and hours | Protected and connected cycling | Road-user conduct and enforcement | Micromobility conflicts | Maintenance and weather resilience | Parking access and affordability,Suggested,Automated provisional suggestion; read in context before accepting.
bd5a3b5f63d54f6b4749,231,safety_comments,"When having the safe rides, make these readily accessible and don’t neglect students from getting on because they appear “too” drunk.",Student,,,Suggested,Automated provisional suggestion; read in context before accepting.
127b760d7b178705bff5,233,safety_comments,Bikers not stopping for walkers in the crosswalk. Cars not fully stopping at stop signs.,Staff,Crossings and motor-vehicle exposure | Road-user conduct and enforcement,Crossings and motor-vehicle exposure | Road-user conduct and enforcement,Suggested,Automated provisional suggestion; read in context before accepting.
a263a44a1d08ba9f81c6,234,network_comments,The lack of routes and infrequent buses on weekends are my biggest concern. Those are the only times most people who don’t have a car can go to the big grocery stores since the ones on campus are small and expensive. It takes almost an hour just to get there when it takes 10 minutes or less by car. This means you have to make a choice of either spending more money than you can afford on groceries or spending half a day of the time you need to study or work.,Student,Transit operations | Transit reach and hours | Maintenance and weather resilience,Transit operations | Transit reach and hours | Maintenance and weather resilience,Suggested,Automated provisional suggestion; read in context before accepting.
c43598d559bbdc152b5b,235,safety_comments,"Motorized scooters, skateboards, and bicycles that travel too fast and do not respect pedestrian safety.",Faculty,Micromobility conflicts | Maintenance and weather resilience,Micromobility conflicts | Maintenance and weather resilience,Suggested,Automated provisional suggestion; read in context before accepting.
1e0804bc7a81a7cc3ac7,235,network_comments,The buses are great but travel by bicycle and walking are dangerous due to other vehicles that do not obey traffic rules.,Faculty,Road-user conduct and enforcement | Maintenance and weather resilience,Road-user conduct and enforcement | Maintenance and weather resilience,Suggested,Automated provisional suggestion; read in context before accepting.
fe9c0946cd860a4a1b80,236,network_comments,"The bus system and walking infrastructure are good. The bike infrastructure is good by US standards, but could be better.",Student,Protected and connected cycling,Protected and connected cycling,Suggested,Automated provisional suggestion; read in context before accepting.
75425a470ddbb49fef0c,237,safety_comments,"Lack of rule enforcement for bikes, scooters, and skateboard riders. There have been many times when I have been walking and one of these riders has almost hit me at high speeds. They often do not follow the rules of the road.",Staff,Road-user conduct and enforcement | Micromobility conflicts,Road-user conduct and enforcement | Micromobility conflicts,Suggested,Automated provisional suggestion; read in context before accepting.
92f9ab8d49893303940b,237,network_comments,Many sidewalks are broken and need repair. More police presence for sidewalk and bike traffic enforcement.,Staff,Road-user conduct and enforcement | Lighting and personal security | Maintenance and weather resilience,Road-user conduct and enforcement | Lighting and personal security | Maintenance and weather resilience,Suggested,Automated provisional suggestion; read in context before accepting.
4f41e28725e6bd34071c,239,safety_comments,"People don't look where they're going because everyone is constantly on their phones, motorists as well as pedestrians. I'm not sure what could be done about it, but it's definitely a problem.",Staff,,,Suggested,Automated provisional suggestion; read in context before accepting.
be718ceb2c7fe2e45123,239,network_comments,"Parking is a disaster, but the way that campus has grown in numbers of people while parking space has actually declined, there isn't really anything meaningful that could be done directly. In the meantime, people are forced to wild-park in front of driveways, fire-hydrants and entranceways. Perhaps it would help if we'd install a tram or train system to get around campus? The buses are okay but they are using the already ever-congested roadways and aren't a great alternative to personal motoring. So yes. Campus railroad or maybe a monorail? Let's be creative!",Staff,Maintenance and weather resilience | Parking access and affordability,Maintenance and weather resilience | Parking access and affordability,Suggested,Automated provisional suggestion; read in context before accepting.
787072d5f8c351a89c2b,240,safety_comments,"As I get further from campus (residential areas), some roads are very bumpy with lots of cracks, and those streets tend to not be well lit. There are also areas with a need for better bike lanes (e.g. Lincoln Avenue).",Student,Protected and connected cycling | Lighting and personal security | Maintenance and weather resilience,Protected and connected cycling | Lighting and personal security | Maintenance and weather resilience,Suggested,Automated provisional suggestion; read in context before accepting.
b9a7c9371c7d2c78a18c,240,network_comments,"I think campus transportation is pretty good! I would like to see fewer cars on campus, though.",Student,,,Suggested,Automated provisional suggestion; read in context before accepting.
a66a65872e2c31c7d963,241,network_comments,"There is a clear need for more bike parking and bike storage options. Wayfinding signs would also improve navigation. I was nearly hit by a car on my bicycle a few days ago when the driver did not look before making a turn. I want it to be abundantly clear that pedestrians, bikers, and transit users have priority on our campus, and drivers must obey the rules of the road.",Staff,Transit operations | Protected and connected cycling | Crossings and motor-vehicle exposure | Road-user conduct and enforcement | Micromobility conflicts | Maintenance and weather resilience | Parking access and affordability | Information and wayfinding,Transit operations | Protected and connected cycling | Crossings and motor-vehicle exposure | Road-user conduct and enforcement | Micromobility conflicts | Maintenance and weather resilience | Parking access and affordability | Information and wayfinding,Suggested,Automated provisional suggestion; read in context before accepting.
526a1d882e3085b5c32d,242,safety_comments,"Neil Street is very busy. South of Neil and Green the infrastructure is terrible for walking and biking near the entry points to campus (e.g., Kirby and Neil; Stadium/Hessel and Neil). The sidewalks are poor quality and sometimes barely there. The bike paths are dangerous and have exceptionally low visibility - though the Stadium/Hessel has many commuters they are super-bikers, not a place you would send an 8-year old or a new adult commuter. Neil and Green and Neil and Springfield would benefit from assessments to maximize walkability. Particularly, Neil and Springfield should NOT require requests for walk signs but should auto-signal for pedestrians. The 4th and White traffic signal is problematic; it does not always detect bikers and there is no way to push the signal button safely while on bike. Study the wider neighborhoods and make all of Urbana and all of Champaign better for multimodal transportation. If we can't get EVERYWHERE safely by bike (or bike/bus/walking) it makes it that much more difficult to commute to campus. While I use Zipcar occasionally as someone without a car I would appreciate access to cars that are not roundtrip (e.g. Free2Move https://www.free2move.com/en-US/ ) - right now I use Lyft/Uber for that purpose.",Faculty,Transit reach and hours | Protected and connected cycling | Road-user conduct and enforcement | Micromobility conflicts,Transit reach and hours | Protected and connected cycling | Road-user conduct and enforcement | Micromobility conflicts,Suggested,Automated provisional suggestion; read in context before accepting.
ce6aedcb438cee448638,242,network_comments,"The entire stadium area needs improvement for walking/cycling. I appreciate recent improvements in connectivity of E-14/iHotel area to the Transit Plaza and North Campus - while I don't park on campus having quick ways of getting between these parts of campus can really help for events. Campus is better than average but there are dangerous intersections for travel and traffic especially on the edges where we intersect with Urbana and Champaign. Effort to improve the entire C-U area would make an enormous difference; there are parts of C-U that are not safely accessible for biking/walking/bus, which is creating a downward pressure on our entire community's multimodal access and safety. More signage about how long it takes to get to different parts of campus would be welcome. veoRide scooters need improvement - it is not possible to take them on bike paths near the Quad, which makes it very difficult to get from the Krannert area to the bookstore area in an efficient way. Bus signage could improve to list the next buses in a better manner. Be sure that bus signage is readable from further distance (the signs near the Illini Union are really terrible for vision and when the same bus is stopping in 5 minutes and in 35 minutes you might only first see the 35 minutes -> misleading). Make more noise about what you are doing and about where advocacy is needed. I know you are aware of problems at Kirby/Neil and similar - but why are we not seeing improvements? Is it the physical infrastructure? Policy issues? etc. A lot of what is needed requires collaboration BEYOND campus.",Faculty,Transit reach and hours | Protected and connected cycling | Road-user conduct and enforcement | Micromobility conflicts | Maintenance and weather resilience | Parking access and affordability | Information and wayfinding,Transit reach and hours | Protected and connected cycling | Road-user conduct and enforcement | Micromobility conflicts | Maintenance and weather resilience | Parking access and affordability | Information and wayfinding,Suggested,Automated provisional suggestion; read in context before accepting.
cb1a3ca8574db1eb8c9c,243,safety_comments,Bad drivers,Student,,,Suggested,Automated provisional suggestion; read in context before accepting.
537d719c7777e85ea111,243,network_comments,Covered bike racks would make biking during rainy days much more attractive,Student,Protected and connected cycling | Maintenance and weather resilience,Protected and connected cycling | Maintenance and weather resilience,Suggested,Automated provisional suggestion; read in context before accepting.
fd9bb37ec1eafb35064a,244,safety_comments,"Pedestrians at major traffic intersections (such as west of Krannert or near Levis Faculty Center) need to have more respect for automobile traffic, particularly at rush hours. Possible pedestrian cross lights.",Staff,Crossings and motor-vehicle exposure,Crossings and motor-vehicle exposure,Suggested,Automated provisional suggestion; read in context before accepting.
5d41c7a819484fa2195f,244,network_comments,"I think it is pretty easy to navigate and well connected, given its sprawling size.",Staff,,,Suggested,Automated provisional suggestion; read in context before accepting.
deb05789b12d3bc0f75c,245,safety_comments,Separate bike paths would be ideal to get away from traffic and to have a better surface to ride on.,Staff,Protected and connected cycling,Protected and connected cycling,Suggested,Automated provisional suggestion; read in context before accepting.
fddbd898688eff3b40be,245,network_comments,Better bike infrastructure: dedicated bike paths with a smoother surface than roads; also covered bike racks.,Staff,Protected and connected cycling,Protected and connected cycling,Suggested,Automated provisional suggestion; read in context before accepting.
e3b454a34f9ff01374a7,246,safety_comments,"Using a bus starting late evening gets tricky because of the bus waiting times, especially coming from Illinois terminal area and sometimes I feel uncomfortable waiting there.",Student,Transit operations | Transit reach and hours,Transit operations | Transit reach and hours,Suggested,Automated provisional suggestion; read in context before accepting.
f5b02096ec8d9541acde,246,network_comments,"Overall, I have a positive perception of the campus transportation network. Some of the roads don’t make sense for my destinations and it is significantly quicker to walk than take a bus, which is rarely a problem except when it is raining and I would rather escape it, but I wouldn’t call it a frequent concern",Student,Transit operations | Maintenance and weather resilience,Transit operations | Maintenance and weather resilience,Suggested,Automated provisional suggestion; read in context before accepting.
9e7846608021c7050c29,247,safety_comments,"If travelling at night, lighting, and lack of people around. Knowing cameras were around and posting it so anyone intending to do harm would know they are being recorded would help. I am also concerned about slipping and personal injury in inclement weather.",Staff,Lighting and personal security | Maintenance and weather resilience,Lighting and personal security | Maintenance and weather resilience,Suggested,Automated provisional suggestion; read in context before accepting.
447707e8ac082f8dc77e,247,network_comments,"I am happy with my parking place, but we have days when students take over the parking lot. Even with parking issuing them tickets the issue persists, maybe have employee parking areas gated and have to use an ID to swipe in would help reduce the amount of illegal parking. Yes it would reduce the revenue of the parking dept. but would give employees a better service.",Staff,Road-user conduct and enforcement | Maintenance and weather resilience | Parking access and affordability,Road-user conduct and enforcement | Maintenance and weather resilience | Parking access and affordability,Suggested,Automated provisional suggestion; read in context before accepting.
673ccf83850350c9df9b,248,network_comments,"The network is actually pretty great, and if it were more difficult to part on campus, I would probably give up the convenience.",Staff,,,Suggested,Automated provisional suggestion; read in context before accepting.
9f70149bd3f62e4a6446,250,network_comments,parking is too expensive and there are not viable alternatives for parents with childcare needs,Staff,Car-dependent responsibilities,Car-dependent responsibilities,Suggested,Automated provisional suggestion; read in context before accepting.
62b4ee70a79775a1780d,251,safety_comments,Fewer intersections where walking traffic and bike traffic cross each other.,Staff,,,Suggested,Automated provisional suggestion; read in context before accepting.
5f65f33455ee6e35f2b9,251,network_comments,Overall perception is very positive!!,Staff,,,Suggested,Automated provisional suggestion; read in context before accepting.
6ec552339fa87ffe05e7,252,safety_comments,Interaction between vehicles and pedestrians especially during class exchanges,Staff,,,Suggested,Automated provisional suggestion; read in context before accepting.
c77b046dd72e45fbf233,252,network_comments,"In general a safe campus; Large campus; Limited parking to get to meeting in core of campus; Deteriorated roads, some of which are not owned by University.",Staff,Parking access and affordability,Parking access and affordability,Suggested,Automated provisional suggestion; read in context before accepting.
977e6febb7be283bda4e,253,network_comments,More lighting - it can be dark in some areas of campus which can we a little frightening to walk through when it is dark out.,Student,Lighting and personal security,Lighting and personal security,Suggested,Automated provisional suggestion; read in context before accepting.
0523498e0463ec3a08d8,255,safety_comments,People riding scooters at full speed through stop signs and stop lights.,Faculty,Road-user conduct and enforcement | Micromobility conflicts,Road-user conduct and enforcement | Micromobility conflicts,Suggested,Automated provisional suggestion; read in context before accepting.
c9fae5a501b40084e37b,255,network_comments,it is good.,Faculty,,,Suggested,Automated provisional suggestion; read in context before accepting.
37243c491a81010cb327,256,safety_comments,"My biggest concern is car and pedestrian conflicts. High speeds on busier roads and lack of safe crossings are an issue for me. For instance, I cross First street to get from my residence to class and it feels very unsafe. Cars drive very fast and often will not stop for pedestrians, and there are few stop signs are spaced far apart.",Student,Crossings and motor-vehicle exposure | Road-user conduct and enforcement,Crossings and motor-vehicle exposure | Road-user conduct and enforcement,Suggested,Automated provisional suggestion; read in context before accepting.
ecd4be34a7b37870fb65,256,network_comments,"Generally, I find the campus transportation network safe. However, I'd appreciate more bike lanes and more connection between existing bike lanes and more safe pedestrian crossings with signs or lights. Additionally, I'd like more frequent bus service, especially on weekends.",Student,Transit operations | Transit reach and hours | Protected and connected cycling | Crossings and motor-vehicle exposure | Micromobility conflicts | Maintenance and weather resilience,Transit operations | Transit reach and hours | Protected and connected cycling | Crossings and motor-vehicle exposure | Micromobility conflicts | Maintenance and weather resilience,Suggested,Automated provisional suggestion; read in context before accepting.
d7c3c9dcf16d50320251,257,safety_comments,"Aging infrastructure (i.e. roads, pathways, and parking /lots structures) makes every mode of transport on campus a bit unpleasant. Many pedestrians and bicyclists ignore routes and pathways to take a more 'direct' route that often puts them in the way of traffic unexpectedly.",Faculty,Protected and connected cycling | Maintenance and weather resilience,Protected and connected cycling | Maintenance and weather resilience,Suggested,Automated provisional suggestion; read in context before accepting.
02826ed59a05d550f1cb,257,network_comments,"Could be better, could be worse. My biggest issue is with parking; the options and rules are not only very restrictive but also just plain outdated to serve the way the people work these days (many people are remote some of the time, have several work locations on campus so need more than one parking space, etc.)",Faculty,Road-user conduct and enforcement | Parking access and affordability,Road-user conduct and enforcement | Parking access and affordability,Suggested,Automated provisional suggestion; read in context before accepting.
5e5e91d6420a5006fef9,258,safety_comments,I always fear getting hit by a bicyclist. Not sure what can help.,Staff,Maintenance and weather resilience,Maintenance and weather resilience,Suggested,Automated provisional suggestion; read in context before accepting.
110127e526f92d54b577,258,network_comments,I think for the most part it is ok the way it is.,Staff,,,Suggested,Automated provisional suggestion; read in context before accepting.
dc364eef611194e0f359,259,safety_comments,I had parking right across the street from my office. A building was put in place of my parking so now my parking is nearly a 15 minute walk away. The parking garage is adjacent to the cemetary off Pennsylvania and Fourth. It feels isolated especially when I leave the office late.,Staff,Crossings and motor-vehicle exposure | Lighting and personal security | Maintenance and weather resilience | Parking access and affordability,Parking access and affordability | Lighting and personal security,AI reviewed,A longer walk from parking that feels isolated after work.
5970d79c4d8fefaeb268,259,network_comments,"The bus system is fairly good, except I carry a rolling computer case, a purse, a lunch box, and sometimes an over the shoulder bag to carry miscellaneous. Makes riding the bus very difficult.",Staff,,,Suggested,Automated provisional suggestion; read in context before accepting.
73322df67a0c034b6e57,260,safety_comments,Riding a bike is very unsafe because many drivers are uneducated on bike lane rules. Every person I know who rides a bike has had multiple near collisions or has gotten hit by a car (although minorly).,Student,Protected and connected cycling | Crossings and motor-vehicle exposure | Road-user conduct and enforcement,Protected and connected cycling | Crossings and motor-vehicle exposure | Road-user conduct and enforcement,Suggested,Automated provisional suggestion; read in context before accepting.
473fd7f365416727f609,260,network_comments,"It is much better than almost every other campus. However, the weekend coverage for the busses is not good and is a huge motivator for why I brought my car to campus.",Student,Transit reach and hours,Transit reach and hours,Suggested,Automated provisional suggestion; read in context before accepting.
5b9e1088f7f11858c756,261,safety_comments,Street design allowing cars to drive faster than 20mph and low pedestrian visibility at certain crossings - adding speed bumps or raised crossings would make it feel safer,Student,Crossings and motor-vehicle exposure,Crossings and motor-vehicle exposure,Suggested,Automated provisional suggestion; read in context before accepting.
a037f5e48a63d42ed060,261,network_comments,Bidirectional bike lanes that are too narrow are dangerous and I often avoid narrow bidirectional bike lanes. I would like to see more bike paths that are wider and a reduction of speed everywhere on campus to 20mph,Student,Protected and connected cycling | Micromobility conflicts,Protected and connected cycling | Micromobility conflicts,Suggested,Automated provisional suggestion; read in context before accepting.
47b54ef837988c2e7a44,262,safety_comments,"potholes, obstructions in bike lanes/paths",Staff,Protected and connected cycling | Maintenance and weather resilience,Protected and connected cycling | Maintenance and weather resilience,Suggested,Automated provisional suggestion; read in context before accepting.
313adf4d0e86e76cff0f,264,safety_comments,"Reduce speed limits; traffic calming; de-incentivize driving on campus by giving priority to pedestrians, bicycles, and public transit; increase reminders to campus decision makers that pedestrian and bicycle infrastructure is very cheap to maintain compared to the cost of vehicle infrastructure",Staff,Transit operations | Protected and connected cycling | Crossings and motor-vehicle exposure | Maintenance and weather resilience,Transit operations | Protected and connected cycling | Crossings and motor-vehicle exposure | Maintenance and weather resilience,Suggested,Automated provisional suggestion; read in context before accepting.
a499e515f7f1be2b5e56,265,network_comments,Parking is difficult depending on the area of campus. Public transportation is difficult for those living outside the Champaign-Urbana city limits. Personal schedules/errands also make it difficult to rely on public transportation.,Staff,Car-dependent responsibilities,Car-dependent responsibilities,Suggested,Automated provisional suggestion; read in context before accepting.
15c6a72691073e4c060c,266,network_comments,Buses are amazing! Improvements would be more paved sidewalks and lanes for people who ride their bike,Student,Protected and connected cycling,Protected and connected cycling,Suggested,Automated provisional suggestion; read in context before accepting.
f56d42f39c477c84f23c,267,safety_comments,"Students not paying attention where they're going, not following traffic signals.",Staff,Road-user conduct and enforcement,Road-user conduct and enforcement,Suggested,Automated provisional suggestion; read in context before accepting.
b34cf4d1be3c300a5bc6,267,network_comments,I would like to see the parking dept writing tickets for people parking in F&S designated spots. Also would like to see UPD enforcing traffic violations on campus.,Staff,Road-user conduct and enforcement,Road-user conduct and enforcement,Suggested,Automated provisional suggestion; read in context before accepting.
266665a69ecd940e994b,268,safety_comments,Congestion of both people and vehicles. I avoid campus as much as possible.,Staff,,,Suggested,Automated provisional suggestion; read in context before accepting.
803969ab26228bca94e3,270,safety_comments,"More streetlights, some streets are dark at night which makes me not feel as safe. Also makes it harder for cars to see pedestrians.",Student,Lighting and personal security,Lighting and personal security,Suggested,Automated provisional suggestion; read in context before accepting.
d0bf6f13cbd9e64ef70d,270,network_comments,Busses are too crowded which makes me not want to ride them.,Student,Transit operations,Transit operations,Suggested,Automated provisional suggestion; read in context before accepting.
2c8f9733a49a9f38d488,271,safety_comments,I’m shocked that pedestrian crossings in the middle of the street lack flashing lights when a person wants to cross,Faculty,Crossings and motor-vehicle exposure,Crossings and motor-vehicle exposure,Suggested,Automated provisional suggestion; read in context before accepting.
4322459797ac9189c0df,272,network_comments,we need more efficient buses. That most buses go in and out of illinois terminal adds 2X to travel time. We need some efficiency around that,Faculty,Transit operations,Transit operations,Suggested,Automated provisional suggestion; read in context before accepting.
5afaa3188a15fd194f1a,273,safety_comments,"Lack of bicycle education. Students do not know how to bike safely on campus. Students walking in the bike path when there is one, even though they have a sidewalk to use. Lack of clear bike paths or lanes on every on campus street.",Student,Protected and connected cycling | Road-user conduct and enforcement | Micromobility conflicts | Maintenance and weather resilience,Protected and connected cycling | Road-user conduct and enforcement | Micromobility conflicts | Maintenance and weather resilience,Suggested,Automated provisional suggestion; read in context before accepting.
00d38c1436da9fcbc19d,273,network_comments,"Increase signage to say bike paths are for bikers only, not pedestrians. Add bike lanes to every campus street where it I possible.",Student,Protected and connected cycling | Information and wayfinding,Protected and connected cycling | Information and wayfinding,Suggested,Automated provisional suggestion; read in context before accepting.
2f5c072e7945e5c6905b,274,network_comments,The parking permit is way overpriced. The mobile meter fee is also too expensive. There has to be more parking space with cheaper permits near campus buildings especially for graduate students that come to campus 7 dayd a week.,Student,Parking access and affordability,Parking access and affordability,Suggested,Automated provisional suggestion; read in context before accepting.
3613f030714845fe3f8f,275,safety_comments,"I sold my bike because I thought biking here was scary! Better bike path infrastructure would help with this. My undergrad university was a serious biking campus, with wide flat bike paths all throughout campus and the surrounding town, and bike path roundabouts, and hundreds of bike racks all over campus! We just don’t have that level of support here. I wish there were more stoplights and crosswalks on Lincoln Ave, usually I have to walk several blocks out of my way to cross at the Nevada St intersection because that’s the safest one",Student,Protected and connected cycling | Crossings and motor-vehicle exposure,Protected and connected cycling | Crossings and motor-vehicle exposure,AI reviewed,Gave up biking due to perceived danger; asks for better bike infrastructure and safer crossings.
ac4570e5e829c55b02f5,275,network_comments,"I love the bus system, it’s wonderful that there are so many routes and the buses tend to be fairly frequent. I ride the bus every day! There is room for improvement in biking. Bike paths here seem fairly narrow and are not always connected to each other, and sometimes overlap with walking paths. I would be more willing to bike if the bike paths were nicer.",Student,Transit operations | Transit reach and hours | Protected and connected cycling,Transit operations | Transit reach and hours | Protected and connected cycling,Suggested,Automated provisional suggestion; read in context before accepting.
2b862933c97daf8fc5f7,276,network_comments,"Parking enforcement is a real problem. We pay to park and non permit cars are rarely ticketed let alone towed. Appears to be a very expensive cost with very little return. Lots aren't taken care of (paved well striped, etc).",Staff,Road-user conduct and enforcement | Lighting and personal security | Parking access and affordability,Road-user conduct and enforcement | Lighting and personal security | Parking access and affordability,Suggested,Automated provisional suggestion; read in context before accepting.
c778fd41592eed6f2c02,277,safety_comments,"Generally I think campus is pretty safe. The strange one-way arrangement of streets in the core seems to help mitigate traffic there and the all way stop lights at major intersections are a plus. I park in E-14 and bus to the Armory. I'd be more inclined to walk if it weren’t so touch and go crossing Kirby. I feel like my life is at risk from turning drivers as I'm in the crosswalk, especially if I'm the only one in the crosswalk, as there's just so much going on that people don't always notice folks crossing the street.",Staff,Transit reach and hours | Crossings and motor-vehicle exposure | Maintenance and weather resilience | Parking access and affordability,Transit reach and hours | Crossings and motor-vehicle exposure | Maintenance and weather resilience | Parking access and affordability,Suggested,Automated provisional suggestion; read in context before accepting.
ba45053e7f25984be4ef,277,network_comments,"I think the network is great, especially in the core. Rarely have to wait for a bus and there's not often a long walk from a stop to a destination.",Staff,Transit operations,Transit operations,Suggested,Automated provisional suggestion; read in context before accepting.
dfc3e36e69b75fd9f1af,278,safety_comments,"The biggest safety concern when navigating campus is without a question vehicles. Then, a secondary concern is reckless use of motorized scooters/""wheels"" on pedestrian walkways. Making the driving infrastructure on campus very hostile to cars would improve pedestrian safety a lot, if vehicles could be slowed down or removed from busy pedestrian areas. This is especially an issue on Green/Springfield/Pennsylvania/Lincoln where they pass through or next to campus.",Student,Road-user conduct and enforcement | Micromobility conflicts,Road-user conduct and enforcement | Micromobility conflicts,Suggested,Automated provisional suggestion; read in context before accepting.
1cd97307167ffdb4935b,279,safety_comments,"Biking on campus has improved in the almost 30 years I have been here, so I appreciate that. When traffic engineers program the traffic lights, consider how the lights interact with cyclists and not just cars and pedestrians.",Faculty,,,Suggested,Automated provisional suggestion; read in context before accepting.
16612de743e6a8fb5d8c,279,network_comments,appreciate how it has improved over last three decades. Please keep actively thinking about it and improving it.,Faculty,,,Suggested,Automated provisional suggestion; read in context before accepting.
ca09d64837f6db4a9866,280,network_comments,"More parking for faculty at a reduced price, especially those who also need to transport children before/after work & have no choice but to drive",Faculty,Maintenance and weather resilience | Parking access and affordability | Car-dependent responsibilities,Maintenance and weather resilience | Parking access and affordability | Car-dependent responsibilities,Suggested,Automated provisional suggestion; read in context before accepting.
9a32fa0bc574e725b2a0,282,network_comments,Need more frequent bus commuting options to Chicago— later return time. 3-3:30 is too early to leave campus on the shuttle.,Faculty,Transit operations,Transit operations,Suggested,Automated provisional suggestion; read in context before accepting.
c7631069136d0e964133,285,safety_comments,"Biking down Green street between around 4th and Wright can be problematic primarily because there are often cars that are parked on the streets. These physically block the bike lanes which means anyone on a bike needs to ride into car traffic in order to pass. Doing something about this and/or a physical barrier preventing cars from parking in these bike lanes would make this busy road safer. Otherwise, I do think campus has done quite a bit over the last decade to improve biking in other areas. For example, Wright street is much safer than it was before the new construction.",Faculty,Protected and connected cycling | Micromobility conflicts,Protected and connected cycling | Micromobility conflicts,Suggested,Automated provisional suggestion; read in context before accepting.
8f1c854c17df0adff361,285,network_comments,Overall the campus transportation network is fine. I try to bike when the weather is good and I take the bus when it is not. I do not find that owning a parking pass would be beneficial in my situation.,Faculty,Protected and connected cycling | Maintenance and weather resilience | Parking access and affordability,Protected and connected cycling | Maintenance and weather resilience | Parking access and affordability,Suggested,Automated provisional suggestion; read in context before accepting.
54ed6bdaf66a576f903c,286,safety_comments,Cars need to stop at crosswalks,Student,Crossings and motor-vehicle exposure,Crossings and motor-vehicle exposure,Suggested,Automated provisional suggestion; read in context before accepting.
b0038649a3ee3f9f3bb9,287,safety_comments,being hit by a bicycle where they should not be,Faculty,Maintenance and weather resilience,Maintenance and weather resilience,Suggested,Automated provisional suggestion; read in context before accepting.
8a3011cd93dd1fd6e9a4,287,network_comments,Get rid of places (e.g. Wright and Green) where impediments have been put in to prevent right turns.,Faculty,,,Suggested,Automated provisional suggestion; read in context before accepting.
918d9158917b77b756b9,288,network_comments,"I’m a faculty here for almost 1 year, however, I haven’t got a parking permit yet and still on the waiting list. I don’t understand why this happened as there are some parking lots always have many empty spaces, like E15. I’m disappointed by this…",Faculty,Parking access and affordability,Parking access and affordability,Suggested,Automated provisional suggestion; read in context before accepting.
1e9d6af4d3c4894794cc,289,safety_comments,Bicyclists need to obey the rules of the road. Stop signs are for them too.,Staff,Road-user conduct and enforcement | Maintenance and weather resilience,Road-user conduct and enforcement | Maintenance and weather resilience,Suggested,Automated provisional suggestion; read in context before accepting.
d8b34a224a876b6be8f0,289,network_comments,Network is great. Parking lots need resurfaced.,Staff,Maintenance and weather resilience | Parking access and affordability,Maintenance and weather resilience | Parking access and affordability,Suggested,Automated provisional suggestion; read in context before accepting.
896c77ad5d376b40b6a7,293,safety_comments,"Many cyclists, skateboarders, and people on scooters do not follow traffic signals, and so as a pedestrian or other cyclist I never know where they are going or whether they are going to stop at stop signs, for example.",Faculty,Road-user conduct and enforcement | Micromobility conflicts,Road-user conduct and enforcement | Micromobility conflicts,Suggested,Automated provisional suggestion; read in context before accepting.
28add259c86c27d960c2,293,network_comments,"The transportation network is mostly very good. The number 4 bus, which I take, has irregular times (comes twice in 30 minutes and then doesn't come for an hour), which is sometimes inconvenient, but that is my biggest concern.",Faculty,Maintenance and weather resilience,Maintenance and weather resilience,Suggested,Automated provisional suggestion; read in context before accepting.
882e680a13090d71e730,295,safety_comments,Wider and more even sidewalks,Faculty,,,Suggested,Automated provisional suggestion; read in context before accepting.
b7cfd35c48713c3b0437,295,network_comments,"Very good, though parking around Medical Sciences Building is beyond terrible!",Faculty,,,Suggested,Automated provisional suggestion; read in context before accepting.
f363c9175d17bcd24ab9,296,safety_comments,Cyclists are not very careful of pedestrians. Cars don’t stop at crosswalks.,Faculty,Crossings and motor-vehicle exposure,Crossings and motor-vehicle exposure,Suggested,Automated provisional suggestion; read in context before accepting.
061002243e140d507077,296,network_comments,"Overall, it’s quite good with 2 caveats. 1) I wish there were more lines and more frequent connections out to the Research Park. 2) My biggest obstacle to using MTD for my entire commute is that there are no bus lines west of Staley and West Connect service is basically meaningless. When I’ve called about it, they’ve still wanted me to walk the half hour to near a real bus stop, and then the West Connect service would get me farther from my destination than the 14 would.",Faculty,Transit operations | Transit reach and hours | Maintenance and weather resilience,Transit operations | Transit reach and hours | Maintenance and weather resilience,Suggested,Automated provisional suggestion; read in context before accepting.
2e156277ae7841abb8cc,297,network_comments,The network seems pretty good to me overall. I used to live in downtown Champaign and the bus to work was very convenient. It was basically door to door with no transfers. Now I live about seven miles from campus and taking the bus to work is not workable -- takes over an hour to get to work and there are too many transfers. But I would still take the bus if it was more convenient. I live too far from campus to expect convenient bus service.,Faculty,Transit operations | Maintenance and weather resilience,Transit reach and hours | Transit operations | Car-dependent responsibilities,AI reviewed,Convenient transit before a move; new longer-distance trip has excessive time and transfers.
48a1137f21da8a66333f,298,network_comments,I think there should be a system that allows students to commute from campus to the airport. So many of us travel for both personal and conference reasons and Peoria Charter is not always the most effective means of communication. Having a system that allows us to students to travel more effectively between here and airports is helpful especially during the semester.,Student,,,Suggested,Automated provisional suggestion; read in context before accepting.
218992cbfcf470d8f55a,300,safety_comments,Bikes and motor vehicles don't mix safely,Staff,,,Suggested,Automated provisional suggestion; read in context before accepting.
b7091fda41e037f33d96,303,safety_comments,"Car drivers who instead of paying attention to their surroundings are looking down at the cellphones. As a pedestrian this is extremely frustrating. Similarly with people riding bicycles where they shouldn't, and not following the traffic flow, and not respecting crossing signs.",Faculty,Crossings and motor-vehicle exposure | Road-user conduct and enforcement | Maintenance and weather resilience,Crossings and motor-vehicle exposure | Road-user conduct and enforcement | Maintenance and weather resilience,Suggested,Automated provisional suggestion; read in context before accepting.
3f9a0d72e9222987313e,303,network_comments,It is quite good. I would like to see an increase in the bus frequency and more efforts from the University to encourage the usage of public transportation.,Faculty,Transit operations,Transit operations,AI reviewed,Positive network view with a frequency request.
5ec757a9a203abfaeb74,304,network_comments,The campus is fine. Getting to campus on a bike through a car oriented community is often precarious.,Faculty,,,Suggested,Automated provisional suggestion; read in context before accepting.
e0e2fc33abf0cfe8336e,307,safety_comments,"dark, no one else out",Staff,Lighting and personal security,Lighting and personal security,Suggested,Automated provisional suggestion; read in context before accepting.
cf94d10224d80ef86ebc,308,safety_comments,"There are not enough marked crosswalks in areas of high pedestrian traffic. While the main crosswalks are marked, crossings near the center of campus which connect to residential areas often don’t have a crosswalk, and I feel unsafe as a driver and pedestrian crossing busy roads with no crosswalk or not being able to easily see pedestrians while driving. This is definitely the most important issue for me. Please add more marked crosswalks along streets like springfield avenue.",Student,Crossings and motor-vehicle exposure,Crossings and motor-vehicle exposure,Suggested,Automated provisional suggestion; read in context before accepting.
77cad79bf1481f552fde,308,network_comments,"Good, but not great. The busses will get you places eventually, but they’re reliably late, which can be hard in cold weather. One change I would like to see is decreasing ease of driving around campus, to more incentivize walking. For example, simply closing down some streets and replacing them with biking/walking paths could be a positive long-term goal. The Netherlands did it!",Student,Transit operations | Protected and connected cycling | Maintenance and weather resilience,Transit operations | Protected and connected cycling | Maintenance and weather resilience,Suggested,Automated provisional suggestion; read in context before accepting.
5b4ec871be5109defcb7,310,network_comments,"Overall, I think it is very safe and pleasant to walk around campus at least during daytime hours when I work.",Faculty,,,Suggested,Automated provisional suggestion; read in context before accepting.
ddbe987a2f0a0dce43e2,314,network_comments,I would like to see more frequent buses that enable transport to campus and around the CU area as well.,Student,Transit operations,Transit operations,Suggested,Automated provisional suggestion; read in context before accepting.
c2390af704774854045b,315,network_comments,"Transportation on campus is great, but no bus to Willard airport. Also getting to other airports like Decatur and O'Hare is impossible/ extremely limited by public transportation.",Staff,Transit reach and hours,Transit reach and hours,Suggested,Automated provisional suggestion; read in context before accepting.
424684981527e72ce952,316,network_comments,"I greatly appreciate the MTD bus system, and I've had a very positive overall experience using the bus as my primary mode of transportation. While there are occasional issues with irregularity, crowding, and delays, I find the frequency of buses and connectivity between different areas to be impressive for a city of this size. When walking in the winter, I would appreciate more thorough salting or other ice prevention/treatments of campus sidewalks.",Student,Transit operations | Transit reach and hours | Maintenance and weather resilience,Transit operations | Transit reach and hours | Maintenance and weather resilience,Suggested,Automated provisional suggestion; read in context before accepting.
d46ae58ea30797343c3b,317,safety_comments,"No safety concerns, I find it very comfortable to walk around.",Faculty,,,Suggested,Automated provisional suggestion; read in context before accepting.
37ff2f3ae7eecc1144c8,317,network_comments,"Honestly, I think it's pretty good. It's easy to get around by bus and more accessible parking would be helpful, but it's really only because of construction on campus.",Faculty,Parking access and affordability,Parking access and affordability,Suggested,Automated provisional suggestion; read in context before accepting.
5d3c43fa7f9745864028,318,safety_comments,Lighting issues,Student,Lighting and personal security,Lighting and personal security,Suggested,Automated provisional suggestion; read in context before accepting.
d577ba8a1ef67d878f25,318,network_comments,"I like it a lot, but we need better dedicated bike lanes.",Student,Protected and connected cycling,Protected and connected cycling,Suggested,Automated provisional suggestion; read in context before accepting.
849ecc8cbd4702a8c455,320,safety_comments,lack of bike lanes that are vibrantly marked,Faculty,Protected and connected cycling,Protected and connected cycling,Suggested,Automated provisional suggestion; read in context before accepting.
6ab5fbf74c3feda50965,320,network_comments,Good but need (1) better enforcement of vehicle traffic cutting through campus and (2) better painting/marking of bike versus pedestrian lanes to avoid collisions.,Faculty,Protected and connected cycling | Road-user conduct and enforcement,Protected and connected cycling | Road-user conduct and enforcement,Suggested,Automated provisional suggestion; read in context before accepting.
fa08342c90f2d8e0135b,321,network_comments,I’m generally fine with things as they are.,Faculty,,,Suggested,Automated provisional suggestion; read in context before accepting.
77a00cd79f98be5065c4,322,safety_comments,Major safety concerns are during the winter and summer holidays when the bus frequency reduces significantly throughout the CU. There are no safe rides option available during the breaks and bus frequency reduces during the weekends.,Staff,Transit operations | Transit reach and hours | Maintenance and weather resilience,Transit operations | Transit reach and hours | Maintenance and weather resilience,Suggested,Automated provisional suggestion; read in context before accepting.
f726d001da33ec68e7c6,322,network_comments,"Better bus service, more bus frequency, less cars on campus, more pedestrian and bike-friendly areas on and around campus",Staff,Transit operations | Maintenance and weather resilience,Transit operations | Maintenance and weather resilience,Suggested,Automated provisional suggestion; read in context before accepting.
9ab98d1f3f39196ef54f,323,network_comments,"Seems great, when I have used the bus system it's been great. Hopefully when my kids are older and independent I'll be able to reach campus through alternative means!",Faculty,Car-dependent responsibilities,Car-dependent responsibilities,Suggested,Automated provisional suggestion; read in context before accepting.
2e9ce5d471fd35be15a4,324,safety_comments,Older bicycle lanes need repair. Students don't always respect bicycle lanes.,Faculty,Protected and connected cycling | Maintenance and weather resilience,Protected and connected cycling | Maintenance and weather resilience,Suggested,Automated provisional suggestion; read in context before accepting.
ecec132520faa717f118,324,network_comments,"MTD tracking is not very reliable from my place of work. I routinely wait for a bus that never comes. Luckily I have an alternative option for a bus that gets me halfway home, then I walk the rest of the way. Specifically this is the 10E Gold at Mumford Hall headed to Lincoln Square.",Faculty,Transit operations | Information and wayfinding,Transit operations | Information and wayfinding,Suggested,Automated provisional suggestion; read in context before accepting.
65d5aec74f807e2f5b00,326,safety_comments,The areas where an alley or the entry to a parking lot crosses over a sidewalk.,Staff,Parking access and affordability,Parking access and affordability,Suggested,Automated provisional suggestion; read in context before accepting.
99de9fc537904c683798,326,network_comments,"I think the sidewalks and ramps need to be repaired better, and some of the parking lots (especially the one by the Main Library) need to be better organized and have clearer markings of which way to go, especially at the lot entrances. It can be a chaotic free-for-all sometimes, which is very dangerous. Overall, I think it's tricky to have pedestrians, vehicle drivers, and people riding bicycles/scooters/skateboards/etc. all trying to get places in the same general area. I think it might be improved by things like additional stoplights and light-up pedestrian signs like the one on Springfield by Grainger Engineering Library, where patrons can press a button for flashing lights that indicate clearly when they intend to cross, even at night. I would also love to see more frequent buses, especially in the evenings.",Staff,Transit operations | Transit reach and hours | Micromobility conflicts | Lighting and personal security | Maintenance and weather resilience | Accessibility and usable routes | Parking access and affordability,Transit operations | Transit reach and hours | Micromobility conflicts | Lighting and personal security | Maintenance and weather resilience | Accessibility and usable routes | Parking access and affordability,Suggested,Automated provisional suggestion; read in context before accepting.
caa3db2066ab00a8046d,327,safety_comments,"More lighting in parking areas - my car was vandalized one night. It was resolved, but increased feelings of vulnerability to be on campus at night.",Staff,Lighting and personal security | Parking access and affordability,Lighting and personal security | Parking access and affordability,Suggested,Automated provisional suggestion; read in context before accepting.
59a7256ec399e0009332,327,network_comments,"There seems to be a plethora of safe transport alternatives on campus. However for some folks - single parents with children - a car is the only reasonable option to get to campus. There is no convenient way to get to work, leave campus to take a kid to an appointment, go back to campus, etc. If you take public transport, how do you pick up a sick kid across town and then take them to the doctor? For students, most of their life experiences take place within the campus environs, but not so for faculty and staff. Work is also not structured to allow for one to take time off - even if someone has plenty of time. Neither a bike nor bus could allow one to achieve the scenario described above in the hour one gets for lunch. You would need to take the day off, and regardless if you have the time, there is too much work and not enough people to do it to allow for taking multiple days off to deal with appointments that could be handled in about an hour, as long as you have a car.",Staff,Car-dependent responsibilities,Car-dependent responsibilities,AI reviewed,Caregiving and time constraints make a car necessary despite campus alternatives.
3ed9c19c7280dd8f66e5,328,network_comments,"Overall, I think it's pretty great! Keeping up the painting for bike lanes is always something that needs to be done, but I know there is a good effort to maintain that already.",Faculty,Protected and connected cycling | Maintenance and weather resilience,Protected and connected cycling | Maintenance and weather resilience,Suggested,Automated provisional suggestion; read in context before accepting.
5af65234af5fbcb09355,329,network_comments,"Parking is ridiculously expansive, especially as someone who lives 82 miles away, only rarely comes to campus, and has no option other than a personal vehicle.",Staff,,,Suggested,Automated provisional suggestion; read in context before accepting.
f0555fdcf3adee9882ee,330,safety_comments,"I feel unsafe at night in areas with little/less lighting, so more lighting in areas that are missing it would make me feel safer.",Student,Lighting and personal security,Lighting and personal security,Suggested,Automated provisional suggestion; read in context before accepting.
737020ed6b1faff5d3be,330,network_comments,"There are some bus routes (especially during times of difficult weather when more people use the buses) that really NEED to have double-length buses and will consistently be overcrowded if they are being driven with a single-length bus. When they are driven by a single-length bus, I often don't have the option to wait for the next one as I need to take the bus to class, and the same goes for many other bus-goers. It can be nearly impossible to fit everyone who needs to be on that particular bus if it is single-length.",Student,Transit operations | Transit reach and hours | Maintenance and weather resilience,Transit operations | Transit reach and hours | Maintenance and weather resilience,Suggested,Automated provisional suggestion; read in context before accepting.
6f9766be7822a7b4330e,331,safety_comments,"No busses after 7.30 from my department to the quad. It is walkable; however, I feel unsafe walking home and sometimes it is just not safe as I am not from this area.",Student,Transit reach and hours | Lighting and personal security,Transit reach and hours | Lighting and personal security,Suggested,Automated provisional suggestion; read in context before accepting.
fabc39c5483eae71a6c4,332,safety_comments,"1) Snow and ice. Roadways are cleared quickly, then main sidewalk areas. Bike lanes and paths are the last areas to be cleared and sometimes are not cleared before the snow melts. This makes it difficult to bike safely in the winter. 2) Cars. I think more roads within campus should be car-free except for necessary campus vehicles. This would make biking and walking safer and easier.",Student,Protected and connected cycling | Maintenance and weather resilience,Maintenance and weather resilience | Protected and connected cycling | Crossings and motor-vehicle exposure,AI reviewed,"Snow clearance, bike safety, and removing car traffic from campus roads."
ddddf87af3803cee2b5a,332,network_comments,"I am proud of the campus transportation network and commend it to others. Overall, bus service is excellent to highly used areas. Unfortunately, my particular home and work location are both off the beaten path, which means bus service often doesn't work well for me personally. I am a confident bike rider and most commonly ride my bike to campus. My routes feel safe and efficient for most of the year. I think that adding bike lanes/paths to even more areas and ensuring those lanes/paths are cleared of snow and ice in a timely matter would make biking to campus even better, and more appealing to less confident cyclists.",Student,Transit reach and hours | Protected and connected cycling | Maintenance and weather resilience,Transit reach and hours | Protected and connected cycling | Maintenance and weather resilience,AI reviewed,Praises the network but home/work locations poorly served; requests protected and winter-usable bike routes.
2f43aefe2d50a6c4c659,335,safety_comments,"The proliferation of motorized entities (bikes, skateboards, similar items), as well as, their typically heedless use, creates multiple hazards for pedestrians, those on conventional bikes, those in wheel chairs. Between classes, campus is a chaos that I try hard to avoid. NOTHING is being done to remedy this problem. A second item: poor layout, connectivity, and maintenance of bike paths.",Faculty,Protected and connected cycling | Micromobility conflicts | Maintenance and weather resilience | Accessibility and usable routes,Protected and connected cycling | Micromobility conflicts | Maintenance and weather resilience | Accessibility and usable routes,Suggested,Automated provisional suggestion; read in context before accepting.
e9ce99268853bb29d34b,335,network_comments,"Keep bike lanes away from parked cars (e.g., on Illinois St. between Lincoln and Goodwin). The danger posed by car drivers and passengers who open doors even if they see a bicyclist coming is substantial and discourages bicyclists from using the bike lanes.",Faculty,Protected and connected cycling | Micromobility conflicts | Maintenance and weather resilience,Protected and connected cycling | Micromobility conflicts | Maintenance and weather resilience,Suggested,Automated provisional suggestion; read in context before accepting.
eed9b3c67b642c9630b2,336,safety_comments,"Sometimes my evening classes end late, but the last bus has already stopped running, so I have to walk more than 10 minutes to get to the shuttle parking lot.",Student,Transit operations | Transit reach and hours | Parking access and affordability,Transit operations | Transit reach and hours | Parking access and affordability,Suggested,Automated provisional suggestion; read in context before accepting.
85ca04565202ab2fc9a5,336,network_comments,"I hope the night safety ride provided by the school and MTD can cover more areas, as many students live off-campus.",Student,Transit reach and hours | Lighting and personal security,Transit reach and hours | Lighting and personal security,Suggested,Automated provisional suggestion; read in context before accepting.
2b7f1cf95363af27f8a5,337,safety_comments,"Remind people to look up, look both ways, and make eye contact with drivers! So many pedestrians just walk out in front of drivers assuming that they immediately have the right of way when they don't. Teach pedestrians the rules of the road. And bicyclists, they rarely stop for stop signs, either.",Staff,Road-user conduct and enforcement | Maintenance and weather resilience,Road-user conduct and enforcement | Maintenance and weather resilience,Suggested,Automated provisional suggestion; read in context before accepting.
1d350e8acd33120168de,337,network_comments,"At Allen Hall- it would be awesome to make the (a second) pedestrian crosswalk N-S on the east side of the street, too (Dorner and Gregory). It's SO stupid to have people crossing the two busier streets instead of the much safer (lesser trafficked) eastern arm of the intersection towards Allen Hall.",Staff,Crossings and motor-vehicle exposure,Crossings and motor-vehicle exposure,Suggested,Automated provisional suggestion; read in context before accepting.
86b2e03127d86d4e8f51,338,safety_comments,"I work at the campus libraries which often means that I am walking home late at night when it is dark. I am lucky to live very close to campus, but still be off campus. I have to cross the intersection of Lincoln and Illinois to get to my neighborhood. Despite always waiting for the walk sign, using a flashlight, and never crossing with a phone in my hand, I have had countless close calls where a driver did not look and almost hit me. Although this intersection is technically off campus, I believe that the university has a duty to enhance the quality of life of it's community. This intersection is right in front of the alumni center and yet I've seen people almost die in broad daylight. This is not just a student issue, this is a person issue. What these high traffic intersections need is more lighting and lower speed limits, the university has the ability to change this even with this intersection not being on campus property.",Staff,Crossings and motor-vehicle exposure | Lighting and personal security,Crossings and motor-vehicle exposure | Lighting and personal security,Suggested,Automated provisional suggestion; read in context before accepting.
2c129b6218b5bf510cc0,338,network_comments,"I'd like to see more of the transit network connect from campus to other bus lines. There should be more than just a few stops on campus for the blue line, orange line, or the yellow line. I used to live off of the orange line and it was very difficult to get to campus. We should also be encouraging students to explore more of champaign Urbana, and having most of the off campus bus lines not available on campus is a deterrent to economic opportunities for local businesses outside of campus town.",Staff,Transit reach and hours,Transit reach and hours,Suggested,Automated provisional suggestion; read in context before accepting.
8b5d692564d04c0d6720,341,safety_comments,I don’t have any safety concerns.,Staff,,,Suggested,Automated provisional suggestion; read in context before accepting.
3f9a025a8e4d1e4e94b5,342,network_comments,"At the College of Veterinary Medicine, the Dean does not allow for transportation options for graduate students. Only the DVM students are allowed to have transportation options.",Student,,,Suggested,Automated provisional suggestion; read in context before accepting.
e201bf4ea941bce988f4,343,safety_comments,Better bike lanes (if possible separated from car lanes). Better the bike lane road surface.,Student,Protected and connected cycling,Protected and connected cycling,Suggested,Automated provisional suggestion; read in context before accepting.
2fac39b8e39cbeb43014,345,safety_comments,Students that do not look up from their phones or when pedestrians walk into the crosswalk even thought there is a car approaching.,Staff,Crossings and motor-vehicle exposure,Crossings and motor-vehicle exposure,Suggested,Automated provisional suggestion; read in context before accepting.
af33d567003733d6035f,345,network_comments,I would like to see more busses from 6-7 am from e14,Staff,Transit reach and hours | Parking access and affordability,Transit reach and hours | Parking access and affordability,Suggested,Automated provisional suggestion; read in context before accepting.
b656a04d0c227758928a,346,safety_comments,"People on skateboards, bicycles, etc. who are not looking where they are going.",Staff,Maintenance and weather resilience,Maintenance and weather resilience,Suggested,Automated provisional suggestion; read in context before accepting.
5da153237698431763fd,346,network_comments,"Offer an annual inquiry to staff with parking spaces to ask if your permit is in your optimal location. Many people hold permits in a lot they don't prefer, while others may be waiting for that lot. If given the option to ""shuffle"" permits for those who are not in their optimal locations, you may improve overall satisfaction with parking locations and decrease wait times on lot lists.",Staff,Parking access and affordability,Parking access and affordability,Suggested,Automated provisional suggestion; read in context before accepting.
bb2bbcaaf90d322e5018,347,network_comments,"If I had a safe place to put an e-bike on campus, I would purchase one and ride it during the summer. The bus does not come frequently enough during the summer for me to use it on a regular basis.",Staff,Transit operations | Transit reach and hours,Transit operations | Transit reach and hours,Suggested,Automated provisional suggestion; read in context before accepting.
2187034d44081304c95d,348,network_comments,"Bus service is unreliable and takes too long. When I road the bus from E14 into campus the buses were rarely on time, crowded, and took too long. A bus specifically for employees, or that only made stops once in the heart of campus could help.",Staff,Transit operations | Transit reach and hours | Maintenance and weather resilience | Parking access and affordability,Transit operations | Transit reach and hours | Maintenance and weather resilience | Parking access and affordability,Suggested,Automated provisional suggestion; read in context before accepting.
317393bc6763a2e3fb89,349,safety_comments,Windsor Road between Lincoln and First is too high a speed limit for on road bike lanes and needs a separated bike path,Staff,Protected and connected cycling | Crossings and motor-vehicle exposure,Protected and connected cycling | Crossings and motor-vehicle exposure,Suggested,Automated provisional suggestion; read in context before accepting.
11da3c1b98fdf098fe3b,349,network_comments,"For those with hybrid work schedules, a reduced cost parking permit should be offered in under-utilized lots outside of the primary campus district that bridges the gap between full time parking and meter parking. Parking lot pricing should be tiered based on demand, allowing those willing to park+walk or who park no where near the quad a discount.",Staff,Parking access and affordability,Parking access and affordability,AI reviewed,Requests flexible and demand-based parking options for hybrid employees.
d05c6f2327b92e78fd25,350,safety_comments,Night time is my biggest concern. I don't like having to park away from my building at night. Especially being a woman.,Staff,Lighting and personal security,Lighting and personal security,Suggested,Automated provisional suggestion; read in context before accepting.
7232e69dc2a2ffde5e3e,350,network_comments,Maybe more presence of police officers walking campus.,Staff,Road-user conduct and enforcement | Maintenance and weather resilience,Road-user conduct and enforcement | Maintenance and weather resilience,Suggested,Automated provisional suggestion; read in context before accepting.
437fe0e12158b41589e7,352,network_comments,i love the mtd system,Staff,,,Suggested,Automated provisional suggestion; read in context before accepting.
2fd3411b64654bae9229,353,network_comments,Bus frequency and reliability. I cannot count on making a transfer which is frustrating. Also sometimes the bus runs every 20 min and other times it's 40 min to the next bus. This is a very big difference,Faculty,Transit operations,Transit operations,Suggested,Automated provisional suggestion; read in context before accepting.
3fb5a11bff48851b05eb,354,network_comments,"There's not enough parking at the heart of campus. it would be really great to see a metered, non-permit parking deck right next to the main library where there is just a parking lot now. (the parking lot off 6th street between Armory and Gregory, parking lot E3)",Staff,Parking access and affordability,Parking access and affordability,Suggested,Automated provisional suggestion; read in context before accepting.
197c44b9ac1be7da9319,355,safety_comments,"Night visibility is definitely a big one. I occasionally work late, and in general during the winter we get darker earlier. In some areas of campus, the lighting makes it difficult to navigate as well as cars to see pedestrians, so having more light would be useful.",Faculty,Lighting and personal security | Maintenance and weather resilience,Lighting and personal security | Crossings and motor-vehicle exposure,AI reviewed,Low light affects navigation and driver visibility of pedestrians.
90d41bf9c983a18941a3,355,network_comments,"The bus system on campus is really great, especially close to the union! The further away from central campus you get, the more difficult it can be to get a bus. But overall, it's easiest to navigate campus during the day.",Faculty,Transit reach and hours,Transit reach and hours,Suggested,Automated provisional suggestion; read in context before accepting.
c9f20280bc5ad0e217b7,357,safety_comments,Students who do not understand how to yield to cars and bicyclists/scooter drivers who don't understand they're supposed to stop at stop signs. I have nearly run over several of the former and nearly been run over by several of the latter.,Staff,Crossings and motor-vehicle exposure | Road-user conduct and enforcement | Maintenance and weather resilience,Crossings and motor-vehicle exposure | Road-user conduct and enforcement | Maintenance and weather resilience,Suggested,Automated provisional suggestion; read in context before accepting.
8edb6efc51cdeeafdd9f,357,network_comments,Free parking for employees.,Staff,Parking access and affordability,Parking access and affordability,Suggested,Automated provisional suggestion; read in context before accepting.
ebc3fa6004c752cc6ddb,360,safety_comments,pedestrian overpasses/underpasses,Staff,,,Suggested,Automated provisional suggestion; read in context before accepting.
9dabe6781322b41ab256,360,network_comments,Just OK,Staff,,,Suggested,Automated provisional suggestion; read in context before accepting.
fa5910a116c1367622a0,361,safety_comments,"The prevalence of powered devices and the lack of control one has when using one. On other campuses where I have worked there have been deaths and severe injuries when people on powered devices collided with pedestrians. We need more ""No Ride"" zones for safety.",Staff,Micromobility conflicts,Micromobility conflicts,Suggested,Automated provisional suggestion; read in context before accepting.
5175ec7ade0d5193fc29,361,network_comments,The bus system is great. The chaos of multiple types of powered devices in traffic and on sidewalks and quads needs to end.,Staff,Micromobility conflicts,Micromobility conflicts,Suggested,Automated provisional suggestion; read in context before accepting.
850d749517584706f7ff,362,safety_comments,"I'm not uncomfortable navigating campus on foot. I choose not to drive here, due to limited parking and congestion. I am so thankful for the excellent MTD bus service and believe that more people in my neighborhood would use public transportation if a bus stop were closer. I live in west Savoy and crossing Dunlap to the nearest bus stop at Colbert Park can be dangerous.",Staff,Transit reach and hours | Crossings and motor-vehicle exposure | Maintenance and weather resilience | Parking access and affordability,Transit reach and hours | Crossings and motor-vehicle exposure | Maintenance and weather resilience | Parking access and affordability,Suggested,Automated provisional suggestion; read in context before accepting.
ad461846b73950a79bf7,362,network_comments,"Campus transportation is really good. Offering free rides near campus is amazing. The maintenance workers frequently use the sidewalks as roads and I would like to see that reduced. I am also concerned about people on scooters using the sidewalks, as they go quite fast, but I'm not sure how to change that.",Staff,Micromobility conflicts | Maintenance and weather resilience,Micromobility conflicts | Maintenance and weather resilience,Suggested,Automated provisional suggestion; read in context before accepting.
7095217477e0a5864395,363,safety_comments,lack of dedicated bicycle paths in numerous areas; potholes and raised edges of paths that can cause accidents,Staff,Protected and connected cycling | Maintenance and weather resilience,Protected and connected cycling | Maintenance and weather resilience,Suggested,Automated provisional suggestion; read in context before accepting.
8304e00ac80a8452cdd1,363,network_comments,too much conflict between various modes of transport; room for improvement in bicycle infrastructure,Staff,Protected and connected cycling | Maintenance and weather resilience,Protected and connected cycling | Maintenance and weather resilience,Suggested,Automated provisional suggestion; read in context before accepting.
e99a0eefbdf152cd8915,364,safety_comments,Vehicle traffic is the biggest concern. Drivers to not pay attention to pedestrians or cyclists.,Staff,Road-user conduct and enforcement,Road-user conduct and enforcement,Suggested,Automated provisional suggestion; read in context before accepting.
e01e25054c0c4ac57915,365,safety_comments,"My concerns are mostly that cars will not stop when I cross the street, even at crosswalks/street crossings. Raised crosswalks, speed bumps near crosswalks, slower speed limits, flashing light crossings, and/or visibility flags could all help.",Staff,Crossings and motor-vehicle exposure,Crossings and motor-vehicle exposure,Suggested,Automated provisional suggestion; read in context before accepting.
dffd4d2b7c5431a4a694,367,safety_comments,Drivers watching out for pedestrians. Road signs reminding drivers pedestrians have the right of way.,Staff,Road-user conduct and enforcement,Road-user conduct and enforcement,Suggested,Automated provisional suggestion; read in context before accepting.
a4382e583418cfacbbaf,367,network_comments,Pretty good. I would like to see more information on the ways to get around campus. I feel I would use the transportation network more if I had a better understanding of it.,Staff,Information and wayfinding,Information and wayfinding,AI reviewed,Would use more of the network with a better understanding of the options.
7a8a5b52ab8b1894b811,368,network_comments,Campus transportation is a huge benefit! It's well organized and there are multiple options,Staff,,,Suggested,Automated provisional suggestion; read in context before accepting.
a017e5a1e236d1f79f24,369,safety_comments,The lack of commuter lot on North campus. Feel I would add to congestion driving accross campus to and from south commuter lot,Staff,Parking access and affordability,Parking access and affordability,Suggested,Automated provisional suggestion; read in context before accepting.
fedc56c61b8065e5eae7,369,network_comments,Addition of North commuter lot,Staff,Parking access and affordability,Parking access and affordability,Suggested,Automated provisional suggestion; read in context before accepting.
60d0f81282b0d9f4cc6f,370,safety_comments,"Streets, sidewalks, and bike paths are in HORRIBLE shape. Bike paths are mainly just re-purposed sidewalks or former shoulders of roads -- there's no protection/separation from traffic. People constantly walk on bike paths. There are places with low-hanging limbs over bike paths. And a lot of bike riders are blasting through intersections, riding the wrong way down on-way streets, etc. Campus could use more enforcement of bike rules.",Staff,Protected and connected cycling | Road-user conduct and enforcement | Maintenance and weather resilience,Protected and connected cycling | Road-user conduct and enforcement | Maintenance and weather resilience,Suggested,Automated provisional suggestion; read in context before accepting.
b41351482415d79e1ffb,370,network_comments,"It's decent for the Midwest, but there's too much car traffic. On the edges of campus (e.g., Lincoln Ave) the stoplights are awful -- as soon as one direction is clear, the other is jammed. I can take the bus, but it's a 5+ minute walk to the stop, then another 20 to get to campus, then another 5+ minute walk to my office.",Staff,Maintenance and weather resilience,Maintenance and weather resilience,Suggested,Automated provisional suggestion; read in context before accepting.
3b935034065efc09db39,371,safety_comments,Crime,Staff,Lighting and personal security,Lighting and personal security,Suggested,Automated provisional suggestion; read in context before accepting.
0e46cc88384efd49ba11,371,network_comments,Parking at E-14 and taking bus to my office has worked very well.,Staff,Transit reach and hours | Maintenance and weather resilience | Parking access and affordability,,AI reviewed,Positive commuter-lot and bus experience; no unmet need expressed.
bae80b94ee57ba2707ca,373,safety_comments,I don't want to ride my bike on campus due to safety concerns. I haven't ridden in the last couple years.,Staff,,,Suggested,Automated provisional suggestion; read in context before accepting.
55d1bc5e61d722561f70,373,network_comments,More parking spots and cheaper options. More safe bike paths.,Staff,Protected and connected cycling | Micromobility conflicts | Parking access and affordability,Protected and connected cycling | Micromobility conflicts | Parking access and affordability,Suggested,Automated provisional suggestion; read in context before accepting.
977740193df0903e02dd,374,safety_comments,I don't have safety concerns,Staff,,,Suggested,Automated provisional suggestion; read in context before accepting.
fb239db00a3c57d2c79f,374,network_comments,Overall I believe campus has a good transportation network.,Staff,,,Suggested,Automated provisional suggestion; read in context before accepting.
a3935f3ff13f78b86c9d,376,network_comments,"Having more than doubled in size in the last 15 years certainly puts a strain on the transportation infrastructure. Not being a local, the biking paths seem well developed to me - as do the walking paths around campus. As a civil service staff, I find the fact that I have to pay to park so that I can make money exploitative, and that it is based purely on location - If I worked in a different department, in some locations parking is not an issue or if I did not work for the University, parking would not be a question, and more money would go into my pocket. Having access to a place to park that does not cost an arm and a leg and doesn't require 20-30 minutes of my day to get to and from parking to the place I work is a big frustration. I would love to have access to a carpool group... I've never found any. The buses are great... when I can catch them I appreciate them. Sometimes they are not running in the places or times I need them.",Staff,Protected and connected cycling | Micromobility conflicts | Maintenance and weather resilience,Protected and connected cycling | Micromobility conflicts | Maintenance and weather resilience,Suggested,Automated provisional suggestion; read in context before accepting.
94e89293071b789a7c4f,377,network_comments,The bus system here is exceptional. The buses are often crowded during commute times with students. More frequent Express buses would be nice.,Staff,Transit operations | Maintenance and weather resilience,Transit operations | Maintenance and weather resilience,Suggested,Automated provisional suggestion; read in context before accepting.
95b51d3d829777e47ba0,380,safety_comments,More parking options.,Staff,Parking access and affordability,Parking access and affordability,Suggested,Automated provisional suggestion; read in context before accepting.
2c913d8892813532c2ad,380,network_comments,More parking options as well as less bus transfers.,Staff,Transit operations | Parking access and affordability,Transit operations | Parking access and affordability,Suggested,Automated provisional suggestion; read in context before accepting.
1582b02bdbf8d58f7ca7,382,safety_comments,"I don't know that this asked, but as a woman, that affected my answer to safety. I don't walk alone on campus. A bigger presence of safety personnel would be nice. We should be able to walk alone. And safety personnel isn't really the answer, it's teaching people to keep their hands to themselves. Teaching people to look before they cross the street. These are things we were supposed to learn in kindergarten.",Staff,Crossings and motor-vehicle exposure | Lighting and personal security | Maintenance and weather resilience,Crossings and motor-vehicle exposure | Lighting and personal security | Maintenance and weather resilience,Suggested,Automated provisional suggestion; read in context before accepting.
dad38c4f6c1f9a8dd2b8,382,network_comments,The CU-MTD map and website to be updated. More frequent and appropriate transportation to Research Park.,Staff,Transit operations | Transit reach and hours | Information and wayfinding,Transit operations | Transit reach and hours | Information and wayfinding,Suggested,Automated provisional suggestion; read in context before accepting.
91393a587e4547338717,383,safety_comments,Bike riders ignoring rules of the road. Drivers ignoring rules of the road.,Staff,Road-user conduct and enforcement,Road-user conduct and enforcement,Suggested,Automated provisional suggestion; read in context before accepting.
67015922d8fbec8e7f8f,383,network_comments,"I know you want to completely ban personal vehicles from campus, but some of us choose to live outside of C-U so we still need our vehicles. Unless you make living on a bus route compulsory for employees, you'll have to lump it. Our lives extend beyond our work.",Staff,Transit reach and hours | Car-dependent responsibilities,Car-dependent responsibilities,AI reviewed,Lives outside the cities and rejects a blanket assumption of substitutability for a car.
47ebdeea87451fbd99ab,385,safety_comments,"The biggest risk is the half-hearted efforts to support bicycling. Bike ""gutters"" are not bike lanes/paths and counting them as such is dishonest. The 'bike gutters' on Green St, between west of Wright are exemplify the attitude of ""screw you bicyclists, good luck"". MTD, FedEx, Police, USPS, and other drivers ignore the bike lane and often treat it as the free parking lane. The Police's excuse of ""we can't do anything, it's legal"" is not a reason to do nothing. Add a curb or better yet close Green to all vehicles, except MTD between 1st and Wright between 7am and 7pm - AND ACTUALLY ENFORCE THAT with gates or a cop, instead of expecting a sign to do it like Gregory between 6th and Goodwin.",Staff,Protected and connected cycling | Road-user conduct and enforcement | Micromobility conflicts | Maintenance and weather resilience | Parking access and affordability,Protected and connected cycling | Road-user conduct and enforcement | Micromobility conflicts | Maintenance and weather resilience | Parking access and affordability,Suggested,Automated provisional suggestion; read in context before accepting.
9310b1ec73a250429fbf,385,network_comments,My perception is these sorts of surveys are not sincere. That they are mealy to placate the poor masses and wealthy elite will ignore any problem they don't experience themselves.,Staff,,,Suggested,Automated provisional suggestion; read in context before accepting.
64c7d419fc0d8df43dd3,386,safety_comments,"being approached by strangers either panhandling, or asking for something",Staff,,,Suggested,Automated provisional suggestion; read in context before accepting.
add12c64fdd41f1e4da9,386,network_comments,"I'd like it less dark, less smelly. I like some of the areas that have been upgraded, like traffic calming areas. I like the transit areas on S Wright street.",Staff,Crossings and motor-vehicle exposure | Lighting and personal security,Crossings and motor-vehicle exposure | Lighting and personal security,Suggested,Automated provisional suggestion; read in context before accepting.
56b6ce706eaa5f5a7537,387,safety_comments,Re-painted brightly colored bike lanes. Speed limits enforced for cars.,Staff,Protected and connected cycling | Crossings and motor-vehicle exposure | Road-user conduct and enforcement,Protected and connected cycling | Crossings and motor-vehicle exposure | Road-user conduct and enforcement,Suggested,Automated provisional suggestion; read in context before accepting.
606dba7cdef25697e401,387,network_comments,Overall I like it. I just have an issue with route and scheduling. The bus doesn't go to my stop in the middle of the afternoon when I would need it to come home.,Staff,Transit reach and hours,Transit reach and hours,Suggested,Automated provisional suggestion; read in context before accepting.
4720fbf9aeb9496af79e,388,safety_comments,"My biggest safety concern is crossing Springfield Ave between Lincoln Ave and Wright street. Constant vehicle traffic on Springfield and just 3 crossing options (excluding Lincoln Ave) makes it hazardous. People walk in front of cars to cross and cars get mad about waiting for a long time to go again. It's dangerous, especially if you park at the garage and want to cross via Mathews Ave. I'm suggesting adding a pedestrian crosswalk to Mathews Ave and making it, along the other ped xing at Grainger Library/DCL with a traffic signal.",Staff,Crossings and motor-vehicle exposure | Road-user conduct and enforcement | Maintenance and weather resilience,Crossings and motor-vehicle exposure | Road-user conduct and enforcement | Maintenance and weather resilience,Suggested,Automated provisional suggestion; read in context before accepting.
9a45213c14efd6cda9fe,388,network_comments,"One more suggestion, not allowing peds to walk in front of vehicles since that is jaywalking and it heightens driver road rage. Where no traffic lights exist, peds should wait until crossing is clear or vehicles decide to stop for them. I think that should be clearly communicated to everyone. It seems some people think they are allowed to walk in front of vehicles in order to cross the street. Thank you.",Staff,Crossings and motor-vehicle exposure | Road-user conduct and enforcement,Crossings and motor-vehicle exposure | Road-user conduct and enforcement,Suggested,Automated provisional suggestion; read in context before accepting.
6f318fa4837bb64e48a4,389,safety_comments,"Biking can feel very unsafe when sharing pothole-filled roles with cars, and the multi-way stops like at Pennsylvania and Dorner and Florida and Race generally seem like a good opportunity to get hit. That comes down to driver attention, usually. But I've encountered few major concerns and have found a bike route that usually works for me.",Staff,Crossings and motor-vehicle exposure | Maintenance and weather resilience,Crossings and motor-vehicle exposure | Maintenance and weather resilience,Suggested,Automated provisional suggestion; read in context before accepting.
a3f6c511417b5c84c5f2,389,network_comments,"I typically bus in colder months and bike in warmer months. My bus route, the 2U/C Red is generally reliable and doesn't take much longer than biking or driving. I wish it would run a little more frequently in the early morning and evening hours. Generally the infrastructure to streets and sidewalks near/on campus needs to be improved for biking and walking.",Staff,Transit operations | Transit reach and hours,Transit operations | Transit reach and hours,Suggested,Automated provisional suggestion; read in context before accepting.
5ac52f07e1409b7fb802,390,safety_comments,I don't navigate campus much but if we could give bikes and busses separate paths from cars I think that would be great. I love what they've done at green and wright,Staff,Protected and connected cycling,Protected and connected cycling,Suggested,Automated provisional suggestion; read in context before accepting.
fdfa817bf894ec4af2ad,390,network_comments,"Honestly, transportation to/ from campus isn't bad, but range is much smaller than when I first moved here 20 years ago. However, trying to get anywhere other than campus is frustrating and takes way to long with way too many transfers",Staff,,,Suggested,Automated provisional suggestion; read in context before accepting.
07345c86bc79421f1bbb,391,safety_comments,"Parking is terrible, and many of us do not live where there is bus service so we have to drive to work. Buildings keep getting built on parking lots, and there is not enough close parking when there is bad weather. The 1/3 mile walk isn't bad when it's nice out, but when it's cold and raining it's miserable.",Staff,Maintenance and weather resilience | Parking access and affordability,Maintenance and weather resilience | Parking access and affordability,Suggested,Automated provisional suggestion; read in context before accepting.
bcbb7649ad2397b826d5,391,network_comments,More parking,Staff,Parking access and affordability,Parking access and affordability,AI reviewed,Short but clear request for more parking.
bf32aa7478015ac8f7d3,392,safety_comments,"Walking from car in parking lot to the sidewalk, cars often do not see the pedestrian.",Staff,Parking access and affordability,Parking access and affordability,Suggested,Automated provisional suggestion; read in context before accepting.
c9d69c45191ff7038a5a,392,network_comments,"I enjoy seeing the variety of transportation being used by students, faculty and staff when on campus. Opening a car pool system for those that live outside CU would be wonderful, or a MTD pick up location in those areas such as Mahomet, Tolono, St. Joesph.",Staff,Transit reach and hours | Car-dependent responsibilities,Transit reach and hours | Car-dependent responsibilities,Suggested,Automated provisional suggestion; read in context before accepting.
a87bddeb75065e84f8ca,395,network_comments,Overall I think the campus has done a good job with multi-user groups; lots of buses available; bike lanes through most areas. I'd love more secure bike parking options.,Staff,Protected and connected cycling | Micromobility conflicts | Parking access and affordability,Protected and connected cycling,AI reviewed,Positive overall multimodal account plus secure bike parking request.
df461d5c604f73054097,396,safety_comments,"I wear a brace on my leg, and find I have to watch the sidewalk to make sure I don't trip on uneven paths.",Staff,Maintenance and weather resilience,Maintenance and weather resilience,Suggested,Automated provisional suggestion; read in context before accepting.
7d26fd83c1f168c7791e,397,safety_comments,"pavement maintenance, weather-related hazards, traffic, other people, strobe lighting on vehicles Pavements could be improved. I doubt the other concerns will be addressed.",Staff,Lighting and personal security | Maintenance and weather resilience,Lighting and personal security | Maintenance and weather resilience,Suggested,Automated provisional suggestion; read in context before accepting.
7446f7ed0706d08ef33f,397,network_comments,"Biking is tricky. Driving during the week is risky and annoying. The only thing I can think of is separating all modes of transportation, which is unlikely to happen.",Staff,Protected and connected cycling,Protected and connected cycling,Suggested,Automated provisional suggestion; read in context before accepting.
763de1ba2bfc99473d65,398,network_comments,Additional free charging locations in parking garages for hybrid/electric vehicles,Staff,Parking access and affordability,Parking access and affordability,Suggested,Automated provisional suggestion; read in context before accepting.
73f2758a6eeda60acc97,400,safety_comments,Students not paying attention or poor transportation awareness. Crime. Ban students. Prosecute crime.,Staff,Road-user conduct and enforcement | Lighting and personal security,Road-user conduct and enforcement | Lighting and personal security,Suggested,Automated provisional suggestion; read in context before accepting.
3a72180515966f54c6b4,400,network_comments,"Buses are a nuisance, destroy the pavement. Lot of nearly empty, exceedingly large buses are a waste. Maintain the 25 mph on campus. Potholes are bad. Street maintenance expenses need to double or quadruple to better take care of the pavement, long before it deteriorates to needing very expensive replacement. As a lot of public institutions, we have money to replace expensively, but apparently not enough money to maintain things (pavement) appropriately.",Staff,Transit operations | Maintenance and weather resilience | Car-dependent responsibilities,Transit operations | Maintenance and weather resilience | Car-dependent responsibilities,Suggested,Automated provisional suggestion; read in context before accepting.
4c87cc38f4eab32e9a6a,401,safety_comments,More street lights at night,Staff,Lighting and personal security,Lighting and personal security,Suggested,Automated provisional suggestion; read in context before accepting.
ab8bd88305051af65f96,403,safety_comments,"Cars go SO fast and drivers hate us pedestrians. The other day, a driver tried to hit me with her car intentionally, shouting out her window that the WALK sign was off, and pointed to the pedestrian walk sign, which was off (and always is off by default, unless you press the pedestrian crossing button before the light changes - but sometimes the light is already green when you make it to the corner). If you could make the pedestrian walk signs AUTOMATICALLY green when the traffic light is also green, I think it would help signal to drivers we aren't ""breaking the law"" by crossing WHEN THE TRAFFIC LIGHT IS GREEN. Maybe also more signage telling drivers to slow down and respect us? If I REALLY had my say, just make more of campus look like the Beckman quad, with no car traffic allowed. Why should people speed down Goodwin or Mathews when they could just take Lincoln or Wright?",Staff,Crossings and motor-vehicle exposure | Information and wayfinding,Crossings and motor-vehicle exposure | Information and wayfinding,Suggested,Automated provisional suggestion; read in context before accepting.
61ce4f25cecd128dd6d6,403,network_comments,"My perception is that bus lines that run to staff/faculty neighborhoods do not run as often as bus lines that run to student housing because the university assumes most staff drive. However, I live only a mile from campus - it would be absurd to drive. If the green bus ran every 5 minutes like it used to before the pandemic, I'd ride it every single day, instead of hurting myself and my bad back with the 30 minute walk.",Staff,Transit reach and hours,Transit reach and hours,Suggested,Automated provisional suggestion; read in context before accepting.
4414e740d983b5508f0a,404,safety_comments,"1. Crossing the street at Lincoln and Pennsylvania and at Vine and Florida. Better functioning traffic lights. 2. Bicycles on walking paths Cyclists run walkers over or brush by them. (Maybe, at least, a requirement that bicyclists have to have a bell to ring and warn walkers that they're coming up behind.)",Staff,Protected and connected cycling | Crossings and motor-vehicle exposure | Maintenance and weather resilience,Protected and connected cycling | Crossings and motor-vehicle exposure | Maintenance and weather resilience,Suggested,Automated provisional suggestion; read in context before accepting.
49204a97c25e6cf179d3,404,network_comments,Get rid of the velo bikes. They're a dangerous eyesore.,Staff,Micromobility conflicts,Micromobility conflicts,Suggested,Automated provisional suggestion; read in context before accepting.
ab8a37f72507e8d081e4,405,safety_comments,"Biggest safety concern - Other drivers and students! For being out on their own, the students are oblivious to traffic, don't make eye contact and simply walk out in front of other people, cars, bikes....",Staff,,,Suggested,Automated provisional suggestion; read in context before accepting.
968c6d8a64822801157a,405,network_comments,"I think it's good, no improvements...unless you can teach college kids to look crossing the street!",Staff,Crossings and motor-vehicle exposure | Car-dependent responsibilities,Crossings and motor-vehicle exposure | Car-dependent responsibilities,Suggested,Automated provisional suggestion; read in context before accepting.
7ae1a2c20060695fb841,406,safety_comments,"Decease in, or NO personal vehicles in heavy pedestrian areas (Green St between Wright & Fourth St, or Wright St between Armory & Green St). Physical barriers for bike lanes (paint is not infrastructure).",Staff,Protected and connected cycling,Protected and connected cycling,Suggested,Automated provisional suggestion; read in context before accepting.
a024d1b7759113e3a729,406,network_comments,"Campus transportation is generally great. I feel the biggest concern (besides pedestrian safety) is decreasing personal vehicles on campus. I think many people are uncomfortable riding the bus if they haven't before, so never try it. They also feel it will be inefficient compared to having a car nearby on campus. I believe we could get a lot more bus riders if there was an orientation of sorts. For example, getting a permit and parking a personal vehicle in one of the shuttle lots comes with almost no information on the buses, how frequent they come through, how to navigate the MTD map/website, etc, and there IS a learning curve. A lot of people also don't realize that often the closest available parking permit to their office can typically be a ~10 minute walk, compared to a 5-10 minute bus ride that takes you to an off-campus shuttle lot, the latter of which is hundreds of dollars cheaper and keeps cars off campus. If people don't know there are better, more efficient, and cheaper alternatives available, and how to access these options, we will struggle to get more cars off campus.",Staff,Transit operations | Transit reach and hours | Maintenance and weather resilience | Parking access and affordability | Information and wayfinding,Transit operations | Transit reach and hours | Maintenance and weather resilience | Parking access and affordability | Information and wayfinding,Suggested,Automated provisional suggestion; read in context before accepting.
8438a009bae6ba864ce4,407,safety_comments,"1) Cars that don't stop / don't wait for pedestrians 2) Cars that drive too close to bike lane I have no idea what kind of improvements would make this situation better because while I want to say ""police presence,"" I know it's not feasible for a police officer to be monitoring traffic on every street. Maybe more visible security cameras / monitoring systems and signs that tell drivers to stop?",Student,Protected and connected cycling | Crossings and motor-vehicle exposure | Road-user conduct and enforcement | Lighting and personal security | Maintenance and weather resilience,Protected and connected cycling | Crossings and motor-vehicle exposure | Road-user conduct and enforcement | Lighting and personal security | Maintenance and weather resilience,Suggested,Automated provisional suggestion; read in context before accepting.
192ca212c9e50747cc38,407,network_comments,"The bus system is nice, but I don't feel that having a bus come around only every 30 minutes is sufficient--maybe every 15 minutes? Sometimes the buses come early or late, so missing one and then having to wait another 30 minutes just to get home (at that point walking back home may take less time overall) gets tiring.",Student,Transit operations | Maintenance and weather resilience,Transit operations | Maintenance and weather resilience,Suggested,Automated provisional suggestion; read in context before accepting.
d446da92a85c3a5d2e07,408,safety_comments,I frequently see rental bikes and scooters abandoned in the middle of the sidewalk and roads. This blocks anyone using a mobility aid and is a trip hazard for everyone else.,Staff,Micromobility conflicts | Accessibility and usable routes,Micromobility conflicts | Accessibility and usable routes,Suggested,Automated provisional suggestion; read in context before accepting.
ba6771a7e40db4d1bc80,408,network_comments,Busing around campus is top-notch. The sidewalks are generous and flat everywhere I walk. The biggest issue I have are the rental bikes and scooters that are abandoned all over the place. They really should have dedicated docks and people should be fined for leaving them everywhere. It creates issues for people with limited mobility and is a trip liability for the university.,Staff,Micromobility conflicts | Accessibility and usable routes,Micromobility conflicts | Accessibility and usable routes,AI reviewed,Positive bus and walking account with abandoned devices obstructing mobility access.
a40678b4f6de3e1df70e,412,safety_comments,"I wish I could take the bus to work but the length of the trip would not make sense for me, as it's projected to take 50 minutes. I drive to the Urbana campus from Savoy in 10 minutes.",Staff,,,Suggested,Automated provisional suggestion; read in context before accepting.
bbbd478b34df48c93679,412,network_comments,Bus system is great for students and other on-campus people,Staff,,,Suggested,Automated provisional suggestion; read in context before accepting.
abbb3caddf14df725432,413,network_comments,"It works extremely well for anyone who lives in Campus Town, near major transit hubs, or along Green Street or Springfield in Urbana. For anyone living in South Urbana, there are no East-West routes that stay along the southern end of campus. I would use the bus every single day if it went between Meadowbrook Park and Research Park, or MeadowBrook Park and the E14 lot. Otherwise there are too many transfers and travel takes an hour when its a 8 minute drive.",Staff,Transit operations | Transit reach and hours | Parking access and affordability,Transit reach and hours | Transit operations,AI reviewed,"Good service in some places, but a missing south Urbana connection makes transfers and travel time impractical."
7606a3c7ec38d4a98d8e,414,safety_comments,"Crossing Lincoln and Florida - drivers turning right on red are a particular risk, so banning right turns on red along Lincoln would help Drivers not understanding bicycle signals or bike lanes - more driver outreach",Faculty,Protected and connected cycling | Crossings and motor-vehicle exposure | Maintenance and weather resilience,Protected and connected cycling | Crossings and motor-vehicle exposure | Maintenance and weather resilience,Suggested,Automated provisional suggestion; read in context before accepting.
79580200f9fb880a9c3f,414,network_comments,Fewer drivers and more walking/biking/bus options,Faculty,,,Suggested,Automated provisional suggestion; read in context before accepting.
2c95d37a699015e63962,415,safety_comments,Student drivers on campus are my biggest concern. They are often not paying attention or obeying the rules of the road.,Staff,Road-user conduct and enforcement,Road-user conduct and enforcement,Suggested,Automated provisional suggestion; read in context before accepting.
4f56d0b65f1f4a736c91,415,network_comments,"I think it's ridiculous how much we pay for parking. When you don't live close to campus, you are given no other choice and you're penalized for getting raises due to the percentage vs. flat fee.",Staff,Maintenance and weather resilience | Car-dependent responsibilities,Maintenance and weather resilience | Car-dependent responsibilities,Suggested,Automated provisional suggestion; read in context before accepting.
6e238b26c140e9dd490e,417,safety_comments,"I have chosen a parking garage towards the edge of campus and about a 10 minute walk to my office because I do not like to drive in the center of campus. The large numbers of scooters, e-scooters, bikes, electric bikes, skateboards, cars and pedestrians who are distracted by phones and headphones makes driving in the center of campus feel like an accident waiting to happen. Banning electronic scooters, bicycles and skateboards on sidewalks would be a good start to improving safety. And though inconvenient, it might be time with our increasing enrollment to shut down parts of campus to all motor vehicle traffic other than emergency vehicles.",Staff,Road-user conduct and enforcement | Micromobility conflicts | Maintenance and weather resilience | Parking access and affordability,Road-user conduct and enforcement | Micromobility conflicts | Maintenance and weather resilience | Parking access and affordability,Suggested,Automated provisional suggestion; read in context before accepting.
ce247d3336c8a7b9044b,417,network_comments,"I think the bus system is wonderful and wish I could take advantage of it more. For now I need to drive to campus as I need to be able to drive to my child's school. I would love to see campus police educating students on traffic safety on campus as well as issuing more citations or warnings to pedestrians, bicyclists, scooters, and drivers on campus for not obeying traffic laws and other rules.",Staff,Road-user conduct and enforcement | Micromobility conflicts | Maintenance and weather resilience | Car-dependent responsibilities,Car-dependent responsibilities | Road-user conduct and enforcement | Micromobility conflicts,AI reviewed,Praises MTD but caregiving requires a car; requests education and enforcement across road users.
de48bdb16a68ae114093,418,network_comments,I have been riding the bus for 3 1/2 years and love it!,Staff,,,Suggested,Automated provisional suggestion; read in context before accepting.
28e59a398581447faf40,419,network_comments,CHEAPER PARKING. The parking rates for staff permits on this campus are absolutely ridiculous. There is no way the amount they are receiving is needed. MORE PARKING - Less buildings,Staff,Parking access and affordability,Parking access and affordability,Suggested,Automated provisional suggestion; read in context before accepting.
8cd878d208c42d21e5de,420,safety_comments,"While I'm driving my car, I see bicycles and electric scooters going the wrong way on one-way streets and not stopping for stop signs. In fact, I have never seen one stop for a stop sign. Pedestrians don't stop before walking out into the street to cross the street and are often looking at their phone when doing this. They just assume all cars will stop for them.",Staff,Crossings and motor-vehicle exposure | Road-user conduct and enforcement | Micromobility conflicts | Maintenance and weather resilience,Crossings and motor-vehicle exposure | Road-user conduct and enforcement | Micromobility conflicts | Maintenance and weather resilience,Suggested,Automated provisional suggestion; read in context before accepting.
c6f3de1b641fd66227a0,420,network_comments,"My drive to campus is fine, it's when I get on campus that it becomes a nightmare watching for bikes, scooters, and people walking who don't obey traffic laws or even care.",Staff,Road-user conduct and enforcement | Lighting and personal security,Road-user conduct and enforcement | Lighting and personal security,Suggested,Automated provisional suggestion; read in context before accepting.
d68ede5bb22e30cf11b7,422,safety_comments,"Traffic congestion, inattentive or aggressive drivers.",Student,Crossings and motor-vehicle exposure,Crossings and motor-vehicle exposure,Suggested,Automated provisional suggestion; read in context before accepting.
d53aab18811b13762702,422,network_comments,"Overall, campus transportation is quite good for a city of this size in the US. Personally, I wish there was more service/longer service to places off campus (especially the shuttle lots). My work/research schedule often means I am walking alone to the E-14 shuttle lot very late at night because of lack of service.",Student,Transit operations | Transit reach and hours | Lighting and personal security | Maintenance and weather resilience | Parking access and affordability,Transit operations | Transit reach and hours | Lighting and personal security | Maintenance and weather resilience | Parking access and affordability,Suggested,Automated provisional suggestion; read in context before accepting.
a6bbe99eeff4beab6ab0,423,network_comments,More benches to stop and have lunch at and look at pretty nature areas. More trees lining the sidewalks to make summer walks more pleasant.,Staff,Accessibility and usable routes,Accessibility and usable routes,Suggested,Automated provisional suggestion; read in context before accepting.
7ae070fd3d5290dcefe7,424,safety_comments,I wish there were more bike parking spaces and less bike theft.,Staff,Protected and connected cycling | Micromobility conflicts | Parking access and affordability,Protected and connected cycling | Micromobility conflicts | Parking access and affordability,Suggested,Automated provisional suggestion; read in context before accepting.
ec2e281c488785d9b590,424,network_comments,"I think it works well as-is! I would like to see more frequent bus times during peak commuter hours, but otherwise happy with it.",Staff,Transit operations | Transit reach and hours,Transit operations | Transit reach and hours,Suggested,Automated provisional suggestion; read in context before accepting.
87f6be831be9e4176d1b,425,safety_comments,"As a driver, my concerns are students and other pedestrians walking, biking, scootering, etc. into the road in unexpected places. I have seen a massive increase in jaywalking the past few years, including diagonally crossing at intersections where it is not permitted. Also, with the advent of electric scooters and bikes, users have become pretty reckless at times and can pop out into a road in front of a car when not expected.",Staff,Crossings and motor-vehicle exposure | Road-user conduct and enforcement | Micromobility conflicts | Parking access and affordability,Crossings and motor-vehicle exposure | Road-user conduct and enforcement | Micromobility conflicts | Parking access and affordability,Suggested,Automated provisional suggestion; read in context before accepting.
877ac93f4bcc823f4e32,426,safety_comments,"My biggest safety concern is pedestrians, skaters, scooters, and bike riders who do not follow rules, dart in front of traffic, go the wrong way down one way streets, and jay walk.",Staff,Road-user conduct and enforcement | Micromobility conflicts,Road-user conduct and enforcement | Micromobility conflicts,Suggested,Automated provisional suggestion; read in context before accepting.
84a13881dd1bb1e4c3ff,426,network_comments,"The campus has a stellar bus service compared to other places I have visited. The commuter lot with a final bus ride into campus is a very viable option for those who drive. My only complaint about using the commuter lot is the reduced bus service during breaks, holidays, or summer.",Staff,Transit reach and hours | Maintenance and weather resilience | Parking access and affordability,Transit reach and hours | Maintenance and weather resilience | Parking access and affordability,Suggested,Automated provisional suggestion; read in context before accepting.
2e572487e6a24cc854bf,428,safety_comments,I do not feel safe walking to my car in the evenings because there is not good lighting or enough cameras.,Staff,Lighting and personal security,Lighting and personal security,Suggested,Automated provisional suggestion; read in context before accepting.
1edd83f30711a5df21ec,428,network_comments,"More cameras should be placed in the upper levels of parking structures, keeping better track of parking lot capacity. There are several empty spots, but we are often told there is a 3-5 year waiting list for parking lots closer to our mostly empty buildings. Make the parking spots near stairs or elevators for compact cars only so that trucks cannot park in them. The trucks take up too much space and make it hard to get to the stairs, and they often park over the lines, making for narrow walkways.",Staff,Accessibility and usable routes | Parking access and affordability,Accessibility and usable routes | Parking access and affordability,Suggested,Automated provisional suggestion; read in context before accepting.
3ee8951600b52da86321,429,safety_comments,Safety of others and trying to move closer to campus,Staff,,,Suggested,Automated provisional suggestion; read in context before accepting.
e63361c415b26834278b,429,network_comments,Offer services for early morning shift bus service,Staff,Transit operations | Transit reach and hours | Maintenance and weather resilience,Transit operations | Transit reach and hours | Maintenance and weather resilience,Suggested,Automated provisional suggestion; read in context before accepting.
732368c5eccb259d106b,431,safety_comments,Smoother sidewalks and bike paths,Staff,Protected and connected cycling,Protected and connected cycling,Suggested,Automated provisional suggestion; read in context before accepting.
ae05654ac893f94aa6fe,431,network_comments,Buses just outside of campus are difficult to navigate and limit my ability to take transportation because of this,Staff,Transit reach and hours,Transit reach and hours,Suggested,Automated provisional suggestion; read in context before accepting.
5493ad0fbc12fa75067c,433,network_comments,I enjoy all the options that the campus offers. I think the campus needs to improve the look and maintenance of the side walks and the grass/areas around the sidewalks. So much mud and other stuff.,Staff,Maintenance and weather resilience,Maintenance and weather resilience,Suggested,Automated provisional suggestion; read in context before accepting.
3268018df675932a9690,434,network_comments,"We are SO lucky to have MTD. The one feedback I have is that the bus maps in the bus shelters are REALLY hard to read, I really think MTD would benefit from working with a graphic designer to make the maps easier to comprehend and more functional! Thanks for all you do!",Staff,Information and wayfinding,Information and wayfinding,Suggested,Automated provisional suggestion; read in context before accepting.
9cc587e5b5f8bed6f014,435,safety_comments,I am always worried I'm going to hit someone on a bike because they are sometimes hard to see and don't follow any sort of predictable rules that I can figure out.,Staff,Road-user conduct and enforcement,Road-user conduct and enforcement,Suggested,Automated provisional suggestion; read in context before accepting.
cd0820a5ef90018558be,435,network_comments,"Our first year undergrads are very confused about how to ride the bus, so any help there would be great. Is there any way to improve bike safety? I really am scared of hitting someone because they do very unpredictable things.",Staff,Crossings and motor-vehicle exposure | Information and wayfinding,Crossings and motor-vehicle exposure | Information and wayfinding,Suggested,Automated provisional suggestion; read in context before accepting.
869aa0e5aa219fe56d9c,436,safety_comments,"I am disabled. Even though I have engaged disability services, the best they could do is two blocks away. That is not a solution in my mind.",Staff,Accessibility and usable routes,Accessibility and usable routes,Suggested,Automated provisional suggestion; read in context before accepting.
14e21ad74a813c964f23,436,network_comments,"I am disabled. Even though I have engaged disability services, the best they could do is two blocks away. That is not a solution in my mind.",Staff,Accessibility and usable routes,Accessibility and usable routes,Suggested,Automated provisional suggestion; read in context before accepting.
1c4853fde6211dc43bb2,437,safety_comments,Allow flexibility for parking for older staff.,Staff,,,Suggested,Automated provisional suggestion; read in context before accepting.
2f85230ff59a1b50d494,437,network_comments,There is no way to acquire temporary parking for a person with a disability without paying through the nose. Requiring a shuttle bus is not an easy alternative when walking is required. I am amazed that Parking Enforcement cannot find a way to work out an alternative for someone who needs temporary consideration.,Staff,Road-user conduct and enforcement | Accessibility and usable routes,Road-user conduct and enforcement | Accessibility and usable routes,Suggested,Automated provisional suggestion; read in context before accepting.
cf4c4141395a8108d601,438,safety_comments,Enhancing nighttime lighting on small streets is crucial for improving visibility. Cleaning of sidewalks on wintertime outside campus.,Staff,Lighting and personal security | Maintenance and weather resilience,Lighting and personal security | Maintenance and weather resilience,Suggested,Automated provisional suggestion; read in context before accepting.
77fc542218478d8a09bf,438,network_comments,More services on weekends most of the services are 1 hour apart.,Staff,,,Suggested,Automated provisional suggestion; read in context before accepting.
2a2bf9e21842ddb3d713,440,safety_comments,Vehicles running red lights and ignoring stop signs. Better enforcement of traffic rules.,Staff,Road-user conduct and enforcement,Road-user conduct and enforcement,Suggested,Automated provisional suggestion; read in context before accepting.
423c8d650133d9c66e4f,440,network_comments,The campus transportation network makes it easy to use alternative transportation options.,Staff,,,Suggested,Automated provisional suggestion; read in context before accepting.
d3b351e33f6b697c01d4,441,safety_comments,"When biking, navigating around walking or biking students that don't pay attention can be difficult",Staff,Road-user conduct and enforcement,Road-user conduct and enforcement,Suggested,Automated provisional suggestion; read in context before accepting.
8b38174182798dce6b7d,441,network_comments,More integrated bike paths that minimize interacting with car and pedestrian crossings,Staff,Protected and connected cycling | Crossings and motor-vehicle exposure,Protected and connected cycling | Crossings and motor-vehicle exposure,Suggested,Automated provisional suggestion; read in context before accepting.
4accc479c2ae348f37da,442,network_comments,It takes long,Student,,,Suggested,Automated provisional suggestion; read in context before accepting.
13442e8470f699a2451b,444,safety_comments,"I have a temporary disability resulting from an injury. Icy sidewalks in the winter are a huge obstacle, including icy and extremely steep accessibility ramps.",Faculty,Maintenance and weather resilience | Accessibility and usable routes,Maintenance and weather resilience | Accessibility and usable routes,Suggested,Automated provisional suggestion; read in context before accepting.
2680c61c63c8372ebdd4,444,network_comments,"Overall the buses are great. However I haven't found a good app for comparing bus routes yet. Google maps won't show all possible routes, and instead only shows recommended routes based on time of the search, preferences checked, etc.",Faculty,Transit operations | Transit reach and hours | Information and wayfinding,Transit operations | Transit reach and hours | Information and wayfinding,Suggested,Automated provisional suggestion; read in context before accepting.
5aeaf1f7e213317fc29b,445,safety_comments,"Walking or biking is safer and more pleasant on side streets, but then it is difficult to cross a major road because it is not a controlled intersection. Even with a crosswalk drivers seldom stop for pedestrians and are often not driving safely or paying attention--roll through stop signs, etc.",Staff,Crossings and motor-vehicle exposure | Road-user conduct and enforcement,Crossings and motor-vehicle exposure | Road-user conduct and enforcement,Suggested,Automated provisional suggestion; read in context before accepting.
64e8bb0cb2164b041955,445,network_comments,"Walking and biking need to feel like the priority all the way across campus rather than shoehorned in (disconnected paths, etc) or a focus only on the main part of campus (making harder to commute from off campus). Education/messaging/enforcement so drivers on campus are safer and more courteous to pedestrians.",Staff,Protected and connected cycling | Road-user conduct and enforcement,Protected and connected cycling | Road-user conduct and enforcement,Suggested,Automated provisional suggestion; read in context before accepting.
d751f60bea99e9527db8,447,safety_comments,More bike lanes and better lighting for riding at night,Staff,Protected and connected cycling | Micromobility conflicts | Lighting and personal security,Protected and connected cycling | Micromobility conflicts | Lighting and personal security,Suggested,Automated provisional suggestion; read in context before accepting.
79068e3bebc8ee783491,447,network_comments,I think overall its great. I live in savoy and there is no bus route in my area or I would take the bus on days I can't ride my bike as I don't like driving my car to campus but sometimes I have to,Staff,Transit reach and hours,Transit reach and hours,Suggested,Automated provisional suggestion; read in context before accepting.
07852264cbf4111edf20,448,safety_comments,I don't have safety concerns; my issue is being able to secure a parking permit. I've been waiting years for a permit and have to pay daily rate fees. There is no other way for me to commute to campus. I live in Mahomet and there are no means to get to campus via public transportation.,Staff,Parking access and affordability,Parking access and affordability,Suggested,Automated provisional suggestion; read in context before accepting.
9541d066cc6f6628b26a,448,network_comments,It seems very adequate. I have not had a situation where I have used it.,Staff,,,Suggested,Automated provisional suggestion; read in context before accepting.
8b07981706aa07fa4752,449,safety_comments,"Cars are the biggest safety concern, especially during move in and move out times of year when impatient, unfamiliar drivers are on campus. Also, all beg buttons should be removed from cross walks at intersections. Every light should automatically give the pedestrian signal. The most dangerous example is Neil and Green - tons of students cross Neil without a pedestrian signal once they realized the intersection light has completely ignored them for not pushing the useless beg button.",Staff,Crossings and motor-vehicle exposure,Crossings and motor-vehicle exposure,Suggested,Automated provisional suggestion; read in context before accepting.
b2cc4cfac6952b06a2d5,449,network_comments,"Overall, campus transportation is good. It clearly values people over cars, and I hope future decisions continue to be pro-pedestrian and pro-cyclist and anti-car. Also, get rid of beg buttons please.",Staff,,,Suggested,Automated provisional suggestion; read in context before accepting.
6437af1eae3750743221,450,safety_comments,"I find an unfortunately large portion of those on bikes, scooters, ebikes, and escooters do not have a safety focus. It makes it highly unlikely that I would want to ride a bike with them.",Staff,,,Suggested,Automated provisional suggestion; read in context before accepting.
e297a9e6f5c94fe1a974,451,safety_comments,"When driving on campus, need to be extra careful because many students do not follow the rules of the road and bike/skateboard through stop signs.",Staff,Road-user conduct and enforcement | Micromobility conflicts,Road-user conduct and enforcement | Micromobility conflicts,Suggested,Automated provisional suggestion; read in context before accepting.
7c72770a173bbe49183d,451,network_comments,"It would be terrific if there were an express bus that would come from Southwest Champaign to campus in more than one direction (e.g. Kirby, Springfield, Windsor and Lincoln). I know lots of other families who work on campus and have children who go to Uni High. I work on campus and my son goes to Uni High -- so he's on campus too. I'd be willing to take an express bus to campus so that he's in school by 8:30. There aren't any commuter lots, though, that I'm aware of. I think morning (7am-9am) and afternoon (4pm-5:30pm) express buses to campus from places like Savory or, where I live, in Southwest Champaign, would be really popular.",Staff,Transit operations | Parking access and affordability | Car-dependent responsibilities,Transit operations | Parking access and affordability | Car-dependent responsibilities,Suggested,Automated provisional suggestion; read in context before accepting.
b8dd0ab2c1bfeb8c62e0,453,safety_comments,Cars driving erratically.,Staff,,,Suggested,Automated provisional suggestion; read in context before accepting.
2691b848d6ebd6d59c44,453,network_comments,More parking garages to enable more people to park close to where they work.,Staff,Parking access and affordability,Parking access and affordability,Suggested,Automated provisional suggestion; read in context before accepting.
da1bb53a22e8d015890a,455,safety_comments,"I leave work at VTH between 1-3 a.m. on weekends. The view of my car is obstructed and the walk a little lengthy in the dark. I used to park very close to the building in unused spaces near the pharmacy, but those spaces, though still unused during that time, are now 24 hr rentals. Assessing the usage of prime spots or having a ""share the spot"" program would solve that.",Staff,Lighting and personal security,Lighting and personal security,Suggested,Automated provisional suggestion; read in context before accepting.
7e15b37101606eeff197,455,network_comments,"For those accessing the center of campus, I think it is great. I use the bus when working as an election judge at the Union instead of driving. Not so for those commuting to campus and working into the wee hours. There should be a way to find others to share a parking space with. This would make more efficient use of current rental spaces. A slight modification of rideshare apps with the lot number as the destination would make that easy to do. I only work a couple weekdays per month, starting at 4 pm at vet med, and regularly 3 pm to 1-3 a.m. on weekends. Infrequently, I sub 9-5 for others in my department. I have to pay for a full time parking spot at vet med out of my part time salary because there are not enough metered spaces to be sure one is available when needed during the week, and bus service to my home is currently too indirect and lengthy. Biking down Kirby is too dangerous.",Staff,Transit operations | Transit reach and hours | Maintenance and weather resilience | Parking access and affordability,Transit operations | Transit reach and hours | Maintenance and weather resilience | Parking access and affordability,Suggested,Automated provisional suggestion; read in context before accepting.
b925eb1c332968922a6b,457,safety_comments,It is not safe for bikes,Staff,,,Suggested,Automated provisional suggestion; read in context before accepting.
f4e751128ff5b6b1fe23,457,network_comments,The bus system needs to improve. Better connections and ride frequency,Staff,Transit operations | Transit reach and hours,Transit operations | Transit reach and hours,Suggested,Automated provisional suggestion; read in context before accepting.
edbb5783acef754f21bc,458,safety_comments,"I find many 2-wheeled vehicles or non-motorized rolling vehicles (bicycles, E-bikes, scooters, skateboards, etc.) DO NOT obey the traffic laws often weaving between streets and sidewalks, ignoring traffic lights and signs, and generally having no regard for pedestrians or motor vehicle traffic. This creates an incredibly dangerous and infuriating situation. I also find that motor vehicles are not inclined to stop at intersections with clearly marked traffic signs or crossings because they do not wish to wait for pedestrian traffic. This also creates and incredibly dangerous and infuriating situation when walking.",Staff,Crossings and motor-vehicle exposure | Road-user conduct and enforcement | Micromobility conflicts | Maintenance and weather resilience,Crossings and motor-vehicle exposure | Road-user conduct and enforcement | Micromobility conflicts | Maintenance and weather resilience,Suggested,Automated provisional suggestion; read in context before accepting.
8f57311bd067d7647b65,458,network_comments,I often question my choice to work at this university and on campus because of how dangerous it feels to drive to my parking lot and walk between my lot and the buildings where I work. Further details are explained in the previous question. I would like to see enforcement of traffic laws/rules for everyone.,Staff,Road-user conduct and enforcement | Maintenance and weather resilience | Parking access and affordability,Road-user conduct and enforcement | Maintenance and weather resilience | Parking access and affordability,Suggested,Automated provisional suggestion; read in context before accepting.
1cba1ac202ae58a9aa49,459,safety_comments,"More traffic calming items. Vehicles should never have the opportunity to get up to dangerous speeds on campus! We could also use buffered bike lanes that are clearly designated for bikes. I also think we need more pedestrian-crossing flashing lights. Two of my lab-mates have been hit by cars at Goodwin and Illinois. One was walking in the crosswalk and was struck by a car (Fall 2023), and the other was on her bike and was struck by a giant pick-up truck who ran the stop sign (Summer 2022). I encouraged them both to file police reports but they were too scared/rattled and said they weren't seriously injured.",Student,Protected and connected cycling | Crossings and motor-vehicle exposure | Road-user conduct and enforcement | Maintenance and weather resilience,Protected and connected cycling | Crossings and motor-vehicle exposure | Road-user conduct and enforcement | Maintenance and weather resilience,Suggested,Automated provisional suggestion; read in context before accepting.
3d36060a9a8432e57aa9,459,network_comments,"I prefer to bike to campus, but I would feel much safer with buffered bike lanes that are clearly designated for bikes. The bike lanes in both directions on Green Street west of Wright (and sometimes northbound on Wright Street) are almost always parked up, forcing me to weave in and out of traffic. First Street is supposed to be a bike-friendly route, but car traffic drives very fast and I have had near-collisions here. Even in some of the areas that are clearly bike lanes, pedestrians use them and get upset people are biking past them - many students walk on the bike lane and it is dangerous because they have headphones on and don't pay attention. The worst areas for people walking in bike lanes are on Green Street east of Wright, and Wright street from Armory to Clark, and along Armory from Wright to Fourth. More bike safety education would be great - but not just for bike riders - for everyone!",Student,Protected and connected cycling | Crossings and motor-vehicle exposure | Road-user conduct and enforcement | Micromobility conflicts,Protected and connected cycling | Crossings and motor-vehicle exposure | Road-user conduct and enforcement | Micromobility conflicts,Suggested,Automated provisional suggestion; read in context before accepting.
03968ba7fd514e3f70b6,460,safety_comments,Walking on campus or Green Street at night does feel unsafe due to insufficient lighting on campus.,Staff,Lighting and personal security,Lighting and personal security,Suggested,Automated provisional suggestion; read in context before accepting.
3b32736dd04a9a3f1947,460,network_comments,"Parking passes need to be cheaper especially for the shuttle lots. There is not enough lighting in the shuttle lots and on campus when walking to the shuttle lot. There needs to be more busses especially in the winter when its really cold out, after 5 pm and the busses are often really crowded.",Staff,Transit operations | Lighting and personal security | Maintenance and weather resilience | Parking access and affordability,Transit operations | Lighting and personal security | Maintenance and weather resilience | Parking access and affordability,Suggested,Automated provisional suggestion; read in context before accepting.
733e0d450bae9022b15a,461,safety_comments,Campus buildings need better and more convenient handicapped accessibility. Bicyclists on campus frequently violate Illinois Rules of the Road. They are never stopped or given tickets for violating the law. Those laws really should be enforced for the safety of everyone.,Staff,Road-user conduct and enforcement | Maintenance and weather resilience,Road-user conduct and enforcement | Maintenance and weather resilience,Suggested,Automated provisional suggestion; read in context before accepting.
fc2f52e01d0aea64af99,462,safety_comments,"In cold weather, tilting/slanted sidewalks, rough crosswalks, potted sidewalks, and surfaces that are too smooth contribute to dangerously slick walking. It's hard to get purchase/traction when walking.",Staff,Crossings and motor-vehicle exposure | Maintenance and weather resilience,Crossings and motor-vehicle exposure | Maintenance and weather resilience,Suggested,Automated provisional suggestion; read in context before accepting.
ebbb4f41efaa2c02beb2,462,network_comments,"It's good enough. I am thinking of getting a scooter because it's easier to handle than a bike, starts from a stop faster than a bike, is easier to fold/transport with less worry of theft, and yet is faster than walking.",Staff,Micromobility conflicts,Micromobility conflicts,Suggested,Automated provisional suggestion; read in context before accepting.
cc3720e64bc5bf00d0a3,463,network_comments,What is the campus transportation network? It would be nice to have transportation to get to/from buildings across campus during the workday. It takes a lot of time out of the day to walk when attending meetings/events that are a long ways from where you work.,Staff,Maintenance and weather resilience,Maintenance and weather resilience,Suggested,Automated provisional suggestion; read in context before accepting.
f1f76a0c14a64c1254c4,464,safety_comments,Motor Vehicle collisions are my biggest concern. More car free areas would make it safer.,Staff,Crossings and motor-vehicle exposure,Crossings and motor-vehicle exposure,Suggested,Automated provisional suggestion; read in context before accepting.
0f2ea7d6f882d803ffca,464,network_comments,Thank you for all the great work you do for bicycles and busses!,Staff,Maintenance and weather resilience,Maintenance and weather resilience,Suggested,Automated provisional suggestion; read in context before accepting.
c0fa05757ec6c26f595c,465,safety_comments,"My biggest safety concerns while navigating campus are cars going the wrong way down one way streets and bikers that ignore stop signs and plow through intersections from a transportation perspective. Also in the winter, Green Street in particular (but not exclusively) is not always well salted so slips and falls are fairly common.",Staff,Road-user conduct and enforcement | Maintenance and weather resilience,Road-user conduct and enforcement | Maintenance and weather resilience,Suggested,Automated provisional suggestion; read in context before accepting.
4ed4b509f31225764f7e,465,network_comments,"My overall impression is that the bus routes are excellent, the bike lanes are prevalent and cover much of campus, and the largest issue to be improved outside of safety would be to increase amount of parking, especially closer to the central part of campus. Additionally, making closer parking available to newly hired staff/faculty would be a welcomed improvement as some have waited nearly a year after hire to get a parking space closer to their building than E14.",Staff,Transit operations | Transit reach and hours | Protected and connected cycling | Micromobility conflicts | Parking access and affordability,Transit operations | Transit reach and hours | Protected and connected cycling | Micromobility conflicts | Parking access and affordability,Suggested,Automated provisional suggestion; read in context before accepting.
64325a90df3edefeabe2,466,safety_comments,"The biggest problem is that there are cars everywhere. Especially the parked cars on the sides of streets make it much harder to see oncoming traffic (pedestrians, bikes, and other cars). I strongly advocate for removing on-street parking and otherwise severely limiting the number of cars on the main campus roads.",Faculty,Protected and connected cycling,Protected and connected cycling,Suggested,Automated provisional suggestion; read in context before accepting.
04323fae389bb5d5e52b,466,network_comments,"There are too many cars inside of campus. It works fine when cars park in large structures or lots towards the edge of campus, but it's bad when there are cars parking in the heart of campus. For example, on S Mathews Ave south of Green St, the street is very cluttered with on-street parking and dangerous. This is a disproportionate negative impact for the small number of parking spaces that are actually made available by on-street parking.",Faculty,Parking access and affordability,Parking access and affordability,Suggested,Automated provisional suggestion; read in context before accepting.
1d40afd9685bf70d52c8,467,safety_comments,"I dislike the fact that either driving, walking, or biking is downright dangerous at times on this campus to the point that I have routes I take through campus that I know have minimal cars, bikes, buses, or walkers for my own safety. Students DO NOT know how to cross streets that do not have pedestrian signals at them and just walk across the crosswalk simply whenever they feel like it without regard for cars. Having no car/no bus zones, especially in central campus during the weekday from 8a-6p (main library, psych building, armory/wright area) would be ideal - even if you hvave to gate/block streets to avoid fokls from using them. We also need to encourage better bike safety - students do not realize that they have to stop at stop signs and red lights just like a car would when biking around town or on campus. Again, I push here that Armory and 4th and Chalmers and 6th are super dangerous intersections for everyone and really do need some solution there that gets everyone to be safe - lights/roundabouts might be a good solution here if there cannot be a no bus/no car zone. I have also had some MTD drivers who have total disregard for pedestrians on campus, especially during class changes, and hence why I am also pushing for more pedestrian/bike only areas. I wouldn't drive to park in E-14 if I knew I had safer routes for biking and walking on campus when the weather is nice.",Student,Transit reach and hours | Crossings and motor-vehicle exposure | Road-user conduct and enforcement | Maintenance and weather resilience | Parking access and affordability,Transit reach and hours | Crossings and motor-vehicle exposure | Road-user conduct and enforcement | Maintenance and weather resilience | Parking access and affordability,Suggested,Automated provisional suggestion; read in context before accepting.
2cc794560568b76d814c,467,network_comments,More no bike/no bus zones!,Student,Transit reach and hours,Transit reach and hours,Suggested,Automated provisional suggestion; read in context before accepting.
134ad608cfa2a906469b,470,safety_comments,Better lighting at night and more bike paths. I feel mostly safe and comfortable on campus. I would also say to have better bike paths in Champaign as that is a large reason why I don't bike.,Staff,Protected and connected cycling | Micromobility conflicts | Lighting and personal security,Protected and connected cycling | Micromobility conflicts | Lighting and personal security,Suggested,Automated provisional suggestion; read in context before accepting.
3cc3709f802715f3e020,470,network_comments,Great bus service.,Staff,Maintenance and weather resilience,Maintenance and weather resilience,Suggested,Automated provisional suggestion; read in context before accepting.
032f5db1c75072306f40,472,safety_comments,"Students as cyclists or pedestrians do not look when crossing streets, do not follow traffic signals, and in general behave as if they always have the right of way, which they do not. Basic education for students would be helpful during orientation - maybe teach them how to: stop at a stop light, look before entering a street, look up from their phones every few seconds to be aware of their surroundings, etc.",Staff,Crossings and motor-vehicle exposure | Road-user conduct and enforcement | Information and wayfinding,Crossings and motor-vehicle exposure | Road-user conduct and enforcement | Information and wayfinding,Suggested,Automated provisional suggestion; read in context before accepting.
54d97f75d583313800fb,472,network_comments,"Too much emphasis on bussing, which is not convenient for many. A total lack of concern for those visiting campus - extremely limited parking, can only pay meters using an app (which many older people are NOT comfortable with), general impression that vehicles are not welcome on campus.",Staff,Parking access and affordability | Information and wayfinding,Parking access and affordability | Information and wayfinding,Suggested,Automated provisional suggestion; read in context before accepting.
4f17eb2dc61692f994a1,473,safety_comments,better maintained bike paths that intercommunicate.,Staff,Protected and connected cycling | Maintenance and weather resilience,Protected and connected cycling | Maintenance and weather resilience,Suggested,Automated provisional suggestion; read in context before accepting.
62e661e33fd1d64c16bf,474,safety_comments,I do not have safety concerns.,Staff,,,Suggested,Automated provisional suggestion; read in context before accepting.
057c7586f5c60510ce31,474,network_comments,"If the sidewalks are in good shape and if bikes have a sensible place to ride that is NOT on the sidewalks, I think we are good.",Staff,,,Suggested,Automated provisional suggestion; read in context before accepting.
08cb472090264b2c72c6,475,safety_comments,More lighting. Fix uneven sidewalks.,Staff,Lighting and personal security | Maintenance and weather resilience,Lighting and personal security | Maintenance and weather resilience,Suggested,Automated provisional suggestion; read in context before accepting.
9c6f0e4dec0cc51a4b0a,475,network_comments,"Overall, I think it's fine, except for some uneven sidewalks and some potholes in the streets.",Staff,Maintenance and weather resilience,Maintenance and weather resilience,Suggested,Automated provisional suggestion; read in context before accepting.
5bc416a547d2a183798e,476,safety_comments,Pedestrian awareness when walking across roads.,Staff,Crossings and motor-vehicle exposure | Road-user conduct and enforcement,Crossings and motor-vehicle exposure | Road-user conduct and enforcement,Suggested,Automated provisional suggestion; read in context before accepting.
dac5274c923b858888ed,476,network_comments,"I appreciate bike lanes, but everyday I ride to campus there is a vehicle (truck, delivery van, someone dropping someone off) parked in a bike lane that forces me to pull out into traffic. Adding physical barriers would prevent this and make cycling safer and faster.",Staff,Protected and connected cycling | Micromobility conflicts,Protected and connected cycling | Micromobility conflicts,Suggested,Automated provisional suggestion; read in context before accepting.
5fe02e365b61390199a4,477,safety_comments,"I would love to see more secure places to park bikes and scooters. There is no safe place to park, especially an e-scooter and we aren't allowed to bring them inside with us or put them on the bus racks if we want to ride and the weather turns. For safety it would be nice if cyclists would be ticketed for dangerous behavior which then causes confusion for all riders and motorists on how to proceed at intersections and crossings. It would also be nice to see more of a campus safety presence, maybe on foot, especially during the months when it gets dark early.",Staff,Transit operations | Crossings and motor-vehicle exposure | Road-user conduct and enforcement | Micromobility conflicts | Lighting and personal security | Maintenance and weather resilience | Information and wayfinding,Transit operations | Crossings and motor-vehicle exposure | Road-user conduct and enforcement | Micromobility conflicts | Lighting and personal security | Maintenance and weather resilience | Information and wayfinding,Suggested,Automated provisional suggestion; read in context before accepting.
abd432af85bbfe6cc555,477,network_comments,"Honestly, even as primarily a motorist, the campus environment is unsafe. People walk against lights, four-way stops cause congestion that creates frustration and confusion when there is high pedestrian traffic without breaks. Lights at Armory and 4th would be helpful, as well as Chalmers and 6th.",Staff,Information and wayfinding,Information and wayfinding,Suggested,Automated provisional suggestion; read in context before accepting.
cb3279adc6b88fed3253,479,network_comments,"With so many people doing hybrid, it would be nice if departments could schedule in a way that employees can not only share a spot based on days of the week they work in the office, but also share the cost.",Staff,Maintenance and weather resilience,Maintenance and weather resilience,Suggested,Automated provisional suggestion; read in context before accepting.
c19c0f2499693f90ae74,480,network_comments,"There needs to be more public education on laws around using a bike/scooter/skateboard. Too many students illegally operate these modes of transport, causing dangerous situations. Switching from sidewalk to road & vice versa, going the wrong way down a one-way street, etc.",Staff,Road-user conduct and enforcement | Micromobility conflicts | Maintenance and weather resilience,Road-user conduct and enforcement | Micromobility conflicts | Maintenance and weather resilience,Suggested,Automated provisional suggestion; read in context before accepting.
b31d27f22629394720f8,481,safety_comments,"That bicycles often switch between vehicle and pedestrian and neither cars nor walkers know what they are going to be at any moment. While driving near the Quad, I watched a bike go from walkway, to bike lane, to crosswalk when only pedestrians could cross, to sidewalk; along Goodwin, from IL street almost to University, without the bike stopping once or, it seemed, the rider looking to see if anyone was going to be in their way.",Staff,Protected and connected cycling | Crossings and motor-vehicle exposure | Micromobility conflicts | Maintenance and weather resilience,Protected and connected cycling | Crossings and motor-vehicle exposure | Micromobility conflicts | Maintenance and weather resilience,Suggested,Automated provisional suggestion; read in context before accepting.
7af6e657d3fd3358aba5,481,network_comments,Not sure,Staff,,,Suggested,Automated provisional suggestion; read in context before accepting.
3594ec777c10188c9bc2,482,safety_comments,I am disabled and my biggest problems are with high ledges on some sidewalks and corners that have poor ramps that are hard to access. Or when the ramp or elevator is in an out of the way location that I would have to walk really far to get it making it almost an easier choice to try and tackle some stairs and avoid the extra walk. Mechanical engineering (LuMeb) access from the parking lot in the back is a perfect example - my disabled permit was for the back but the accessible entrances were a long walk away. So I took the stairs in every day bc they were right in front of the parking area,Staff,Maintenance and weather resilience | Accessibility and usable routes | Parking access and affordability,Accessibility and usable routes | Parking access and affordability,AI reviewed,"Disability, poor ramps, and a long detour from assigned parking to the accessible entrance."
8491941638e90fdac24a,482,network_comments,"I've always thought the bus system was very good, if I didn't live so far off campus with a service dog who gets bored on long bus rides I would use itmore",Staff,Transit reach and hours | Maintenance and weather resilience,Transit reach and hours | Maintenance and weather resilience,Suggested,Automated provisional suggestion; read in context before accepting.
1f89590c0df0fc3f30cb,483,network_comments,"UIUC campus transportation is extremely car-centric. StrongTowns has popularized the notion of ""having dignity"" while using pedestrian/bike infrastructure [1]. Campus is better than many places in the US in this regard, but that's a hilariously low bar. It's not like I actually feel welcome as a cyclist or pedestrian. [1] https://www.strongtowns.org/journal/2023/7/28/if-we-want-a-shift-to-walking-we-need-to-prioritize-dignity",Faculty,Protected and connected cycling,Protected and connected cycling,Suggested,Automated provisional suggestion; read in context before accepting.
151a6bc5bc8ff8b3746e,484,safety_comments,"I do not care to cross Lincoln Ave on foot or on a bike after dark - I think the danger from cars is too great, even crossings with a stoplight. My biggest safety concern is crossing Lincoln Ave, Green St, or Springfield Ave at crosswalks where there is no stoplight; usually cars stop but too often they don't. I often have to cross Green St. to get to the classrooms where I teach.",Staff,Crossings and motor-vehicle exposure | Lighting and personal security,Crossings and motor-vehicle exposure | Lighting and personal security,Suggested,Automated provisional suggestion; read in context before accepting.
440ee5b1e89ae896827a,484,network_comments,"Overall it's pretty good. I'm amazed that there aren't more accidents than there are, given some of the behavior that I see from pedestrians, bikers, and drivers. Crossing Green St. at crosswalks with no stoplight never feels completely safe.",Staff,Crossings and motor-vehicle exposure,Crossings and motor-vehicle exposure,Suggested,Automated provisional suggestion; read in context before accepting.
c3ba045ba2750811af80,485,safety_comments,Parts of campus can be remote.,Faculty,,,Suggested,Automated provisional suggestion; read in context before accepting.
7ac4fb81994932a3f5a4,485,network_comments,I feel more transportation to Chicago and airport would enhance this community.,Faculty,,,Suggested,Automated provisional suggestion; read in context before accepting.
e82a8abe679442271eac,486,safety_comments,I don't prefer a bus near me when I'm on my push scooter,Staff,,,Suggested,Automated provisional suggestion; read in context before accepting.
b00f5beae17fc1c02fca,487,safety_comments,Veo bikes speed around pedestrians and other bikes on sidewalks and bike lanes. Sidewalks need patching and leveling. Cars rolling through lesser known stop signs (S Sixth and E Peabody) - a cop could ticket 95% of the drivers at this interesection.,Staff,Protected and connected cycling | Road-user conduct and enforcement | Micromobility conflicts,Protected and connected cycling | Road-user conduct and enforcement | Micromobility conflicts,Suggested,Automated provisional suggestion; read in context before accepting.
eff630103cd803ac332a,487,network_comments,"Bike lanes are not wide enough and need patching/leveling. Sidewalks pretty good, but when there are holes, they are bad (e.g. sidewalk on north side of Penn, by the Integrated Bioprocessing Research Lab has a real zinger pothole in the concrete).",Staff,Protected and connected cycling | Maintenance and weather resilience,Protected and connected cycling | Maintenance and weather resilience,Suggested,Automated provisional suggestion; read in context before accepting.
ee41a0ac4cd2cd59f75b,488,safety_comments,There are a lot of bad drivers.,Staff,,,Suggested,Automated provisional suggestion; read in context before accepting.
de17d4c83024afa09723,489,safety_comments,Lighting at night.,Faculty,Lighting and personal security,Lighting and personal security,Suggested,Automated provisional suggestion; read in context before accepting.
3265b88c3ed28208c941,489,network_comments,Keep good buses running; limit cars in certain areas of campus.,Faculty,,,Suggested,Automated provisional suggestion; read in context before accepting.
e378e2b1ff725365e491,491,safety_comments,"safety concern - walking solo in the dark across campus, especially across parking lots",Staff,Lighting and personal security | Parking access and affordability,Lighting and personal security | Parking access and affordability,Suggested,Automated provisional suggestion; read in context before accepting.
4cd289a70c70df0bbe4e,491,network_comments,"I commute from home to the commuter lot. The buses in the morning are fine. I take the bus from E14 to a stop near my building. On the way home, the wait for the bus is very inconvenient. If I need a quick way to get to my car, it's also incredibly convenient. For example, today I needed to leave work quickly to pick up a sick child. It was faster to walk all the way to E14 than it was to wait for a bus to take me there. South campus in particular, where I'm located, have very few options throughout the day that are convenient. The bus schedules also stop earlier and to evening routes earlier than I need them to.",Staff,Transit operations | Transit reach and hours | Parking access and affordability | Car-dependent responsibilities,Transit operations | Transit reach and hours | Parking access and affordability | Car-dependent responsibilities,Suggested,Automated provisional suggestion; read in context before accepting.
b5eaa8bc778b23de4f25,494,safety_comments,"When driving, my biggest safety concerns are pedestrians and cyclists behaving unpredictably and disobeying traffic signs, especially when it's dark out (it seems to be very common for pedestrians to cross against traffic lights on campus). When walking on campus, I'm most concerned about cars speeding, and not slowing down or stopping near crosswalks. With both driving and walking, I've been startled and concerned by how quickly some people on electric bicycles and scooters are traveling. There may be areas where improved lighting and crosswalks with the option of flashing lights would help. More awareness on everyone's part is needed and more enforcement of violations.",Staff,Crossings and motor-vehicle exposure | Road-user conduct and enforcement | Micromobility conflicts | Lighting and personal security | Maintenance and weather resilience,Crossings and motor-vehicle exposure | Road-user conduct and enforcement | Micromobility conflicts | Lighting and personal security | Maintenance and weather resilience,Suggested,Automated provisional suggestion; read in context before accepting.
d631677e58902565c9cf,494,network_comments,"Overall, I think the campus transportation network is good but I avoid driving through most parts of campus to avoid congestion. I have heard in the past from cyclists that some bike lanes are in need of repair and have noticed some areas where paths are in poor condition or end, leaving only the sidewalk as an option. I've also noticed that cyclists will sometimes ride on sidewalks even when bike paths are available and pedestrians will walk on the bike paths, seemingly oblivious to the fact they are not on a sidewalk. Campus workers in golf carts sometimes drive on bike paths and stop and block the paths.",Staff,Protected and connected cycling | Micromobility conflicts | Maintenance and weather resilience,Protected and connected cycling | Micromobility conflicts | Maintenance and weather resilience,Suggested,Automated provisional suggestion; read in context before accepting.
961d2980117238629a28,497,safety_comments,"Unprotected bike lanes on public roads, sandwiched between parked cars, crossing peds and zooming cars feels very unsafe. Also, lack of bike presence detection coils or at the very least bike crossing buttons makes waiting at signals longer and could be one of the reasons many bikers run red lights, stop signs etc. better lighting on public roads could offer better visibility to bikers and increase their chances of being noticed by distracted drivers.",Student,Protected and connected cycling | Crossings and motor-vehicle exposure | Road-user conduct and enforcement | Lighting and personal security,Protected and connected cycling | Crossings and motor-vehicle exposure | Road-user conduct and enforcement | Lighting and personal security,Suggested,Automated provisional suggestion; read in context before accepting.
4c404b0241d89f6c029e,497,network_comments,"Overall the campus and the CU area is geographically very bikeable, it's a shame that campus does not heavily invest in bicycle education, development of dedicated bike paths and improvement of signals and signs to cater to this growing group of commuters. Proposed new paths and developments in the campus bicycle plan are very underwhelming; we need much much more investment in bikes and greener commute options, if the goal is really to see more members of the community leave their personal vehicles at home.",Student,Protected and connected cycling | Road-user conduct and enforcement | Maintenance and weather resilience,Protected and connected cycling | Road-user conduct and enforcement | Maintenance and weather resilience,Suggested,Automated provisional suggestion; read in context before accepting.
74be25c6a8d62c7034c7,499,safety_comments,I would like to see more of a police presence around the less central parking areas. Walking/taking the bus to my car makes me a bit nervous in the winter when it gets dark out early.,Staff,Transit operations | Road-user conduct and enforcement | Lighting and personal security | Maintenance and weather resilience,Transit operations | Road-user conduct and enforcement | Lighting and personal security | Maintenance and weather resilience,Suggested,Automated provisional suggestion; read in context before accepting.
07499b6746394f7ae692,499,network_comments,"Overall, the public transportation system is better on campus than the rest of the community. I wish there was more priority given to staff parking. It seems like faculty get better parking opportunities, yet have more ability to work remotely.",Staff,Parking access and affordability,Parking access and affordability,Suggested,Automated provisional suggestion; read in context before accepting.
96caa7634debefa2cf3b,500,network_comments,"I like the bus system, but it is not connected enough once you get out of the heart of campus to be useful to me. My two work locations are on the outskirts of campus (Nuclear Physics Lab and a building much further down Lincoln Ave) and there are no real options other than driving.",Staff,Transit reach and hours,Transit reach and hours,Suggested,Automated provisional suggestion; read in context before accepting.
8d47104c386c72f8fe1b,502,network_comments,"I love how walkable the campus is, and the extensive bus network and I will miss these upon my graduation.",Student,,,Suggested,Automated provisional suggestion; read in context before accepting.
4a23dd63dffcf6b5251c,504,safety_comments,lack of bright light at night.,Student,Lighting and personal security,Lighting and personal security,Suggested,Automated provisional suggestion; read in context before accepting.
3a0d30a653c1245d8e9b,504,network_comments,"I am a really huge advocate for the MTD system, I think the buses are great! Only suggested improvement would be fixing the MTD screens at the bus stops to actually work, some are just permanently off and never work at all.",Student,,,Suggested,Automated provisional suggestion; read in context before accepting.
85452d6570f546b61a79,505,safety_comments,"I think my biggest concern is how much drivers pay attention bicyclists (and sometimes pedestrians). I'm pretty confident biking and not majorly concerned about it, but more bicycle infrastructure and protected lanes would be a benefit for all bicyclists. Ultimately I would prefer bike to campus more often, but it's the portions of the route off-campus that make me less likely to do it on any given day.",Staff,Protected and connected cycling | Road-user conduct and enforcement | Maintenance and weather resilience,Protected and connected cycling | Road-user conduct and enforcement | Maintenance and weather resilience,Suggested,Automated provisional suggestion; read in context before accepting.
6a91f947bcc8e3b7f01b,505,network_comments,"Center bikers, pedestrians, bus routes, and pretty much every mode of transportation but personal vehicles. That said, I do feel safe 98% of the time on campus while using any transportation option available.",Staff,Transit reach and hours,Transit reach and hours,Suggested,Automated provisional suggestion; read in context before accepting.
88c25f3ce8a4f60ad3d5,506,safety_comments,dark sidewalks after 5pm make me feel unsafe,Staff,Lighting and personal security,Lighting and personal security,Suggested,Automated provisional suggestion; read in context before accepting.
24aa1920da92d55c24a7,506,network_comments,Brighter walkways all over campus,Staff,,,Suggested,Automated provisional suggestion; read in context before accepting.
00ec750a4f0a68d663e7,507,safety_comments,the concrete has cracks / is unlevel. Cars.,Staff,Maintenance and weather resilience,Maintenance and weather resilience,Suggested,Automated provisional suggestion; read in context before accepting.
738703d1c1699f819163,507,network_comments,pretty good. I ride the bus daily. I only have an issue Fridays. I only ride my bike during the summer when students are mostly gone. Less navigation hazard. I wish the were more sidewalks outside campus. I rarely drive to or on campus. And only during times when students are not in session. The network of busing is pretty good. Though not for everyone. And I think the walking / biking is pretty good too.,Staff,Transit reach and hours,Transit reach and hours,Suggested,Automated provisional suggestion; read in context before accepting.
4dd3ee0e8a141d4696c9,509,safety_comments,poorly lit parking garages; inadequate patrolling of parking garages after dark,Staff,Lighting and personal security | Parking access and affordability,Lighting and personal security | Parking access and affordability,Suggested,Automated provisional suggestion; read in context before accepting.
8d077a5fb4d02172f9f1,509,network_comments,Small buses that ferry people from the north side of campus to south side and vice versa.,Staff,Maintenance and weather resilience,Maintenance and weather resilience,Suggested,Automated provisional suggestion; read in context before accepting.
5208257612dc6708caa5,510,safety_comments,"My biggest safety concerns as a cyclist is encountering drivers that don't treat bikes like cars (i.e. blowing past me at a 4-way stop, parking or stopping suddenly in the bike lane) Putting a note for new students about how to drive with cyclists, along with education for cyclists who have never biked in an urban area before would be an improvement.",Student,Protected and connected cycling | Road-user conduct and enforcement | Micromobility conflicts,Protected and connected cycling | Road-user conduct and enforcement | Micromobility conflicts,Suggested,Automated provisional suggestion; read in context before accepting.
a7f13991392d90da00fc,510,network_comments,"I come from a rural area with 0 public transportation. I love campus' connection to Urbana and Champaign, especially through bike lanes. Continuing to support bike infrastructure and the bike center would be great.",Student,Protected and connected cycling | Micromobility conflicts,Protected and connected cycling | Micromobility conflicts,Suggested,Automated provisional suggestion; read in context before accepting.
14c9efe2b0a3643579d3,511,network_comments,"more busses at night and on weekends, i need to get around at night more than the day",Student,Transit reach and hours | Lighting and personal security,Transit reach and hours | Lighting and personal security,Suggested,Automated provisional suggestion; read in context before accepting.
a76171f84d972a40d0c8,512,network_comments,"I think the campus transportation network is excellent for students, but not as convenient for staff. I also think staff are reluctant to ride busses packed with students.",Staff,Transit operations,Transit operations,Suggested,Automated provisional suggestion; read in context before accepting.
205666084f15fd0dce24,514,safety_comments,"No one on campus is obey the applicable laws. I covered this in a previous question, but I will give another example: pedestrians walking across streets against the light or in the middle of the road (i.e., not a marked crossing). Until all traffic laws--pedestrian, bike, vehicle--are stridently enforced this situation will not improve.",Staff,Crossings and motor-vehicle exposure | Road-user conduct and enforcement,Crossings and motor-vehicle exposure | Road-user conduct and enforcement,Suggested,Automated provisional suggestion; read in context before accepting.
d4fb34e978d903169c95,514,network_comments,"It is okay. On the few occasions where I have used the bus it has been very hit or miss, I even had a bus just drive by while I was waiting at the bus stop, which caused a delay of over an hour. You cannot get to work at a reasonable time if the bus just blows past you. In addition, as I noted in prior questions, traffic laws must be enforced for all traffic on campus. I will say this for the third time: until all traffic laws are enforced on campus.",Staff,Transit operations | Road-user conduct and enforcement,Transit operations | Road-user conduct and enforcement,Suggested,Automated provisional suggestion; read in context before accepting.
b1b2cd3f0d14ebb59f44,516,network_comments,Better than most,Faculty,,,Suggested,Automated provisional suggestion; read in context before accepting.
a7ceb1c76e6a8b74727c,517,safety_comments,My biggest safety concern when navigating campus is being struck by a motorist including bus.,Staff,Crossings and motor-vehicle exposure,Crossings and motor-vehicle exposure,Suggested,Automated provisional suggestion; read in context before accepting.
e702543fdf760742bdae,517,network_comments,Overall I think the campus transportation network is fine. I rarely use it due to long commute and lack of need to move around campus. I am not sure what could be done to enhance the campus experience that I would see.,Staff,,,Suggested,Automated provisional suggestion; read in context before accepting.
fffd55c9ab064c6826cc,518,network_comments,Maybe more buses and convenient hours,Student,Transit reach and hours,Transit reach and hours,Suggested,Automated provisional suggestion; read in context before accepting.
67469e2d36b1a5109778,519,safety_comments,"Walking near fraternities, walking alone at night, and bike riders not adhering to rules of the road make navigating campus feel unsafe. No assaults at fraternities, brighter sidewalks, and better bike riders would make it feel safer.",Student,Road-user conduct and enforcement | Lighting and personal security,Road-user conduct and enforcement | Lighting and personal security,Suggested,Automated provisional suggestion; read in context before accepting.
8b7a1b6968cfb7a231be,519,network_comments,"The bus, walking, and biking are great options if a person lives near campus. If you live more than a few minutes from campus, it is very inconvenient and unsafe.",Student,,,Suggested,Automated provisional suggestion; read in context before accepting.
25be7b9877a544613b92,521,network_comments,"Since I do not regularly use public transportation, I only hear that the students like it and find they can easily get around campus. On weekends, it is hard for students and staff to get to work on time, since the buses do no run early/frequent enough- especially on Sunday mornings. It is hard to get community involvement in the Bookstore, since there is not enough available parking around campus. It is challenging for students/parents to visit the Bookstore because there is limited metered parking. As a staff member, it is frustrating to have to walk so far away, when most rented parking spots are never occupied.",Staff,Transit operations | Transit reach and hours | Parking access and affordability | Car-dependent responsibilities,Transit operations | Transit reach and hours | Parking access and affordability | Car-dependent responsibilities,Suggested,Automated provisional suggestion; read in context before accepting.
aa4da4e3d21f68ce15c5,526,safety_comments,Drivers not paying attention. I was almost ran into because people were driving the wrong way down a one way and I was the one being yelled at. More monitoring and action taken to make these people know they are in the wrong.,Student,Road-user conduct and enforcement,Road-user conduct and enforcement,Suggested,Automated provisional suggestion; read in context before accepting.
3a0d044ba3d39cb351de,526,network_comments,"I like the buses. I feel by the 'cool' kids, they are lame, but for some, it is all we have",Student,Car-dependent responsibilities,Car-dependent responsibilities,Suggested,Automated provisional suggestion; read in context before accepting.
f808651953d9689e097e,529,network_comments,"Overall, it's fine. That being said, I think that if UIUC continues to admit an increasing number of students each year, it's going to wreck the public infrastructure of Urbana-Champaign. I've only been here for a year, and even I've seen a noticeable depreciation in the quality of transportation on Campus. There have been multiple times this semester I've had to run to class because the busses were too crowded to safely board and the next bus wouldn't be at the stop for another 10 minutes. One time, multiple students had to get off the bus because it was so packed with people that they couldn't close the doors. Additionally, Green St. is basically a 24/7 traffic jam this semester. Given the housing problems many students went through earlier in the semester, the lack of available study spaces in libraries due to overcrowding, and the claustrophobia of the older buildings on campus the past few months, I think the fundamental problem is that Urbana-Champaign/UIUC wasn't designed to accommodate the amount of people that the university is admitting. So, in regard to what I think would enhance the campus experience, it'd be great if more buildings were constructed to provide more spaces for study and instruction in order to lessen the overall density of foot-traffic in any one specific area of campus. Additionally, it would be beneficial if the MDT had additional routes or busses.",Student,Transit operations | Transit reach and hours,Transit operations | Transit reach and hours,Suggested,Automated provisional suggestion; read in context before accepting.
6d8eedca16fcc188d4be,531,safety_comments,My biggest safety concern when biking on campus is that cars can see me when I bike past the entrances of parking lots.,Staff,Protected and connected cycling | Parking access and affordability,Protected and connected cycling | Parking access and affordability,Suggested,Automated provisional suggestion; read in context before accepting.
ac668bf01becbdbaebd8,531,network_comments,"Biking on campus to my building is generally very good. I don't really have any complaints. If we wanted to go above an beyond, I'd love coverings for the bike parking to protect my bike from the rain.",Staff,Protected and connected cycling | Micromobility conflicts | Maintenance and weather resilience,Protected and connected cycling | Micromobility conflicts | Maintenance and weather resilience,Suggested,Automated provisional suggestion; read in context before accepting.
12bbdaab4df815266784,533,network_comments,The distinction between staff needs and student needs is not addressed.,Staff,,,Suggested,Automated provisional suggestion; read in context before accepting.
3b7c997e24830291fd81,535,safety_comments,My biggest concern is getting hit by a car when I am trying to cross at a crosswalk without a stoplight. I think the best improvement would be to include more lights maybe.,Student,Crossings and motor-vehicle exposure,Crossings and motor-vehicle exposure,Suggested,Automated provisional suggestion; read in context before accepting.
4fd70aacfee9b96e565d,535,network_comments,"I just wish that the bus hours were consistent, I work on the weekends and I prefer mornings but I'm limited because the bus schedule is limited. Also the bus times are pretty inconsistent between the MTD app and the transit apps.",Student,Transit operations | Transit reach and hours | Information and wayfinding,Transit operations | Transit reach and hours | Information and wayfinding,Suggested,Automated provisional suggestion; read in context before accepting.
9003f46d11065a8660a1,536,safety_comments,"With biking and scootering, people need to know what lane to use. I see so many people going down a one way bike lane the wrong direction",Student,Protected and connected cycling,Protected and connected cycling,Suggested,Automated provisional suggestion; read in context before accepting.
26758ae81144cc198bd6,536,network_comments,"I love the bus system, i think bike and scooter infrastructure needs to be clearer for safety",Student,Protected and connected cycling,Protected and connected cycling,Suggested,Automated provisional suggestion; read in context before accepting.
f4437bb1a58e53e36379,537,network_comments,More decorum from bus drivers,Student,,,Suggested,Automated provisional suggestion; read in context before accepting.
2e5098f2eed47eabc21f,539,safety_comments,I believe more curb-protected bike lanes would encourage people who are not sold on the idea of biking around campus on the street to bike to more areas.,Student,Protected and connected cycling,Protected and connected cycling,Suggested,Automated provisional suggestion; read in context before accepting.
0df1379ed27b6aab7bc6,539,network_comments,"The campus transportation network has gotten better recently, especially as MTD bus frequencies have increased since the COVID-19 collapse. But campus street infrastructure should better reflect the growing number of students who are primarily pedestrians and cyclists on campus. Many sidewalks across campus are in very poor shape, with concrete cracking and crumbling, which makes tripping dangerous. More curb-protected bike lanes, curb bump-outs, and maybe discounts on parking passes for those who carpool.",Student,Transit operations | Protected and connected cycling | Maintenance and weather resilience | Parking access and affordability,Transit operations | Protected and connected cycling | Maintenance and weather resilience | Parking access and affordability,Suggested,Automated provisional suggestion; read in context before accepting.
c88db85267f3468fbecc,540,safety_comments,"Frequently, riders of e-bikes are not conscious of others and do not follow rules. I do not think these should be allowed on campus. Pedestrians frequently do not follow rules on side roads that still see traffic. Dedicated crosswalks may improve this issue.",Faculty,Crossings and motor-vehicle exposure | Road-user conduct and enforcement | Micromobility conflicts,Crossings and motor-vehicle exposure | Road-user conduct and enforcement | Micromobility conflicts,Suggested,Automated provisional suggestion; read in context before accepting.
fab89dee1a7f7c0e0158,540,network_comments,Better bike paths and bike safety that would encourage parents with young children to commute with their children on their bikes.,Faculty,Protected and connected cycling | Car-dependent responsibilities,Protected and connected cycling | Car-dependent responsibilities,Suggested,Automated provisional suggestion; read in context before accepting.
45e49b352da79f881e1b,541,network_comments,"Roads are terrible!!!!!! Parking is such a nightmare, but not sure what you can do about that.",Staff,Lighting and personal security,Lighting and personal security,Suggested,Automated provisional suggestion; read in context before accepting.
ed214e42a7596b70fbbf,542,safety_comments,"Using cross walks on st marys road, Kirby and Lincoln Drivers do not slow down even once you enter cross walk. And unless you start into cross walk & keep walking. The yellow signs diamond are not enough to identify to slow down. At night it is hard to see people wanting to cross because headlights shine in eyes and unless person is in middle of road you cannot see them ready to cross because after 5 traffic going north or south on lincoln.",Staff,Crossings and motor-vehicle exposure | Lighting and personal security,Crossings and motor-vehicle exposure | Lighting and personal security,Suggested,Automated provisional suggestion; read in context before accepting.
c856849ebc10f4503279,542,network_comments,Timely bus connections and more stops to check the bus.,Staff,Transit reach and hours,Transit reach and hours,Suggested,Automated provisional suggestion; read in context before accepting.
6812eb5411aabfabc635,544,safety_comments,Lack of respect for bike lanes and shareable roads. Cars and pedestrians both lack respect for me as a cyclist,Student,Protected and connected cycling,Protected and connected cycling,Suggested,Automated provisional suggestion; read in context before accepting.
8f58750a32d1cad7450c,544,network_comments,MORE BIKE LANES/ INCREASED BIKE SAFETY MEASURES,Student,Protected and connected cycling,Protected and connected cycling,Suggested,Automated provisional suggestion; read in context before accepting.
ad17807e90ddfeb9b6ed,546,safety_comments,THERE ARE STUPID PEOPLE OPERATING LARGE DEATH MACHINES THAT ARE TRYING TO KILL ME EVERY MORNING WITH THEIR UTTER IGNORANCE. THEY GO UNPUNISHED AND UNDAUNTED. I AM GOING TO GO BACK TO CARRYING A BRICK WITH ME WHEN I WALK TO WORK.,Staff,,,Suggested,Automated provisional suggestion; read in context before accepting.
4e9659f6fc212461f133,546,network_comments,"I don't think that a program to get more faculty/staff to walk or bike to work instead of driving will be successful because the people that already walk or bike to campus are doing so despite the current drawbacks, and the people that bring cars will revert to doing so out of either necessity (no one's biking in from Tolono) or convenience. I think that more streets should be like Gregory where all non-service vehicles are banned during business hours. I think that Wright Street should be the next to join in on that. Ten years ago, I thought a car-free campus was insanity. Now I don't see any other endgame.",Staff,Maintenance and weather resilience,Maintenance and weather resilience,Suggested,Automated provisional suggestion; read in context before accepting.
57fcfa7a245890c8ad38,547,safety_comments,"My biggest concern with bicycle parking is difficulty fitting U-lock through rack + frame+ front wheel. racks with built-in cable make this much easier, or at least a rack designed to have structural element close to bike frame for eaiser locking.",Staff,Protected and connected cycling | Maintenance and weather resilience,Protected and connected cycling | Maintenance and weather resilience,Suggested,Automated provisional suggestion; read in context before accepting.
dbc25a4f98992170162d,547,network_comments,"I work in Research Park, but often travel to campus for meetings. I like the convenience of the 24 Link bus, for getting to West campus, but NE corner of campus can take too long to get to, if I've got other meetings before or after. I don't know there is much you can do about that.",Staff,Transit operations | Transit reach and hours,Transit operations | Transit reach and hours,Suggested,Automated provisional suggestion; read in context before accepting.
062d8c6d52cfae171e51,549,safety_comments,"People texting on their phones when driving; drivers going too fast and not paying attention to signage; Veo bikes and scooters being left on sidewalks, curbs, and/or ramps that block passage by people using mobility devices and forcing them to move to the bike-only lane to get by (incidentally, that's an issue with F&S and delivery vehicles, too). I don't know how to address those issues effectively; it would need to be a combination of culture shift and awareness campaigns and stricter penalties (not just monetary fines) for people who violate safety regulations.",Staff,Protected and connected cycling | Crossings and motor-vehicle exposure | Road-user conduct and enforcement | Micromobility conflicts | Accessibility and usable routes | Information and wayfinding,Protected and connected cycling | Crossings and motor-vehicle exposure | Road-user conduct and enforcement | Micromobility conflicts | Accessibility and usable routes | Information and wayfinding,Suggested,Automated provisional suggestion; read in context before accepting.
2f9d17c2692156063e17,549,network_comments,Buses are great; need more space for the most highly-traveled parts of campus. Riding for free with a staff pass is excellent and convenient. More secure bike storage would be appreciated. Getting people off their phones when navigating - regardless of their mode of transportation including walking - would be the biggest improvement in overall safety and alertness.,Staff,Micromobility conflicts,Micromobility conflicts,Suggested,Automated provisional suggestion; read in context before accepting.
3b1930a4df233e1f402c,550,network_comments,Longer MTD hours before service decreases to areas further from campus. Coworkers and customers often run into trouble getting home later in the evening and on weekends.,Staff,Transit reach and hours | Maintenance and weather resilience,Transit reach and hours | Maintenance and weather resilience,Suggested,Automated provisional suggestion; read in context before accepting.
0e2ed6e13dc3909f9776,552,network_comments,Bus system is very convenient,Student,,,Suggested,Automated provisional suggestion; read in context before accepting.
90e183f72a34a71ddc59,553,safety_comments,"Cars are the biggest safety concern. I don’t want to get hit by one. I don’t want to inhale exhaust fumes. I don’t want to hear obnoxious revving. I want to live and travel through a safe, convenient, beautiful, and dense built environment. This requires the restriction of cars. They should be limited to the periphery of our living spaces and recreational spaces. People should be able to walk and bike without cars traveling right next to them. Nearby car traffic makes walking and biking more dangerous. The cars also make it very unpleasant to walk and bike because the cars emit fumes and are obnoxiously loud. Cars also lead to an ugly, inconvenient, and broken up landscape. We should have a more robust system of dedicated bikeways and walkways that exclude cars, so that we don’t have to deal with their danger, annoyances, and inconveniences. These networks should be as uninterrupted by cars as possible. We can also apply this to dedicated bus lanes and other special transport corridors for certain work vehicles. Push personal vehicles to the periphery, and get them out of the way so that people can walk and bike in peace.",Staff,Transit operations | Crossings and motor-vehicle exposure | Maintenance and weather resilience,Transit operations | Crossings and motor-vehicle exposure | Maintenance and weather resilience,Suggested,Automated provisional suggestion; read in context before accepting.
953ecb684e0bc19ce64d,553,network_comments,"The campus transportation network is only relatively good because the bar is so low in most parts of the country. We shouldn’t be complacent. We should aspire to greatness! We should have bigger ambitions and imaginations for what’s possible! Indeed, we can still do a lot better, and we can make an exceptionally beautiful and dense built environment right here in Champaign-Urbana. We can build a walkable environment so pleasant that it sets our city apart from all the rest and makes our city uniquely attractive. We can have a dense, mixed-use campus that includes a variety and abundance of housing, green space, recreation spots, educational facilities, and medical facilities. We can have all this concentrated in a small area that’s not sprawled out. We can make all of this with beautiful architecture. We can develop high connectivity between all these places with a robust system of walkways and bikeways that are pleasant to travel through. This depends on the sharp curtailing of car usage, along with the car-centric infrastructure that makes other modes of transportation less attractive.",Staff,Road-user conduct and enforcement | Micromobility conflicts,Road-user conduct and enforcement | Micromobility conflicts,Suggested,Automated provisional suggestion; read in context before accepting.
bedbde6f1d47779997bb,554,network_comments,"The busses that lead to places near campus are great, but for those who live further away, I wish the bus would come every 15-20 mins rather than every 30 minutes. I wish we were allowed to park Veo bikes on campus to make it easier to get to work. I wish there was more night service for the busses as well.",Staff,Transit reach and hours | Micromobility conflicts | Lighting and personal security | Maintenance and weather resilience,Transit reach and hours | Micromobility conflicts | Lighting and personal security | Maintenance and weather resilience,Suggested,Automated provisional suggestion; read in context before accepting.
83fd5e9a2eeeab4ca9eb,555,safety_comments,People walking out in front of me without paying attention when I drive a car.,Faculty,Road-user conduct and enforcement,Road-user conduct and enforcement,Suggested,Automated provisional suggestion; read in context before accepting.
ac49099110a82e1daeb8,555,network_comments,It seems fine. I took the bus a lot when I was a student.,Faculty,,,Suggested,Automated provisional suggestion; read in context before accepting.
cce9c4e4b1b99a2e1266,556,safety_comments,"Road is not clean,",Student,,,Suggested,Automated provisional suggestion; read in context before accepting.
c8cb316574977ef554f3,556,network_comments,"It would be more convenient if buses could arrive on time, and have more frequency (4.5 times in hour).",Student,Transit operations,Transit operations,Suggested,Automated provisional suggestion; read in context before accepting.
4d5e4592781f2a67cd26,557,network_comments,"Parking needs to be improved for staff that are onsite 5 days a week. Also criminal that I have to pay to park where I work, I would expect this in a crowded metropolitan city such as New York City, but not CU.",Staff,,,Suggested,Automated provisional suggestion; read in context before accepting.
27c9cb7011aea93ce6fd,559,safety_comments,The people on e-scooters are a little intimating since they go so fast,Student,Micromobility conflicts,Micromobility conflicts,Suggested,Automated provisional suggestion; read in context before accepting.
2d38cb13568069edfcc1,559,network_comments,"Overall, it’s good and the improvements I’d like to see are better shading on sidewalks since the temperatures get really hot in the fall semester",Student,,,Suggested,Automated provisional suggestion; read in context before accepting.
367cd0ed98fb2d7e0977,560,safety_comments,Some crosswalks feel a bit unsafe especially by Gregory place and ISR.,Student,Crossings and motor-vehicle exposure,Crossings and motor-vehicle exposure,Suggested,Automated provisional suggestion; read in context before accepting.
10f5b69287d40e410001,560,network_comments,Big MTD fan,Student,,,Suggested,Automated provisional suggestion; read in context before accepting.
791e1a5f9f93de02ffc9,561,safety_comments,The bikes lanes are often poor quality and they are not everywhere.,Student,Protected and connected cycling,Protected and connected cycling,Suggested,Automated provisional suggestion; read in context before accepting.
8ced7350636e58703781,561,network_comments,"I would like to see better bike lanes, more covered bike racks like the one by Ike, and centers for free bike repair",Student,Protected and connected cycling | Micromobility conflicts | Maintenance and weather resilience,Protected and connected cycling | Micromobility conflicts | Maintenance and weather resilience,Suggested,Automated provisional suggestion; read in context before accepting.
dba2363d73f5d80ab054,562,safety_comments,"I have no concerns during the day. At night, there are some shady characters. The ideal solution would be if this state and city permitted the carrying of weapons for self-defense.",Faculty,Lighting and personal security | Parking access and affordability,Lighting and personal security | Parking access and affordability,Suggested,Automated provisional suggestion; read in context before accepting.
39d0b959c1abcb0a84dc,562,network_comments,"Clearly, your office and the university administration dislike the use of personal vehicles. This entire survey was biased against personal vehicles. The survey was subtly trying to nudge me towards alternative methods of transportation. I, and many others who don't live nearby, want to use our cars and do not have a viable alternative (I live in Mahomet). The university should invest in improving traffic flow and parking for cars. Investments in alternative transportation methods have been going on for decades and have been unsuccessful. The roads around campus are mostly in a state of disrepair and it is embarrassing. I have visited developing countries with better roads. Ironically, despite all the investments in alternative transportation methods, the sidewalks around campus are in a state of disrepair and are ugly and embarrassing. In sum, the transportation priorities of your office, and of the university administration, are inconsistent with the preferences of many employees.",Faculty,Micromobility conflicts | Maintenance and weather resilience,Micromobility conflicts | Maintenance and weather resilience,Suggested,Automated provisional suggestion; read in context before accepting.
2b282047f3e01f8c75c9,563,network_comments,Parking lots are extremely underutilized. I regularly have to walk past parking lots that are less than half full to reach my destination. More parking passes need to be released for the existing lots.,Faculty,Parking access and affordability,Parking access and affordability,Suggested,Automated provisional suggestion; read in context before accepting.
d9914b75c15e1b51d000,564,safety_comments,"Enforce the existing traffic regulations - especially stop signs and authorized vehicles only paths. Nothing is effectively enforced and drivers, cyclists, and everyone else just do whatever they want. Stand at Wright and Chalmers during passing periods, especially in August and September, and it is clear how bad the traffic safety situation is and how little is being done by campus to improve this.",Staff,Protected and connected cycling | Road-user conduct and enforcement,Protected and connected cycling | Road-user conduct and enforcement,Suggested,Automated provisional suggestion; read in context before accepting.
61fc36ae92bd8b3ca7ad,564,network_comments,That it is an afterthought and that in the 16 years I've been on campus nothing has been substantially done to improve the situation. Enforce the existing traffic rules.,Staff,Road-user conduct and enforcement,Road-user conduct and enforcement,Suggested,Automated provisional suggestion; read in context before accepting.
5b506346a86cff26bd5a,566,safety_comments,"Safety concerns: (1) Pedestrians, and occasionally drivers, not paying attention. Good luck in fixing that! (2) Walking after dark, and being largely invisible to drivers.",Staff,Road-user conduct and enforcement | Lighting and personal security,Road-user conduct and enforcement | Lighting and personal security,Suggested,Automated provisional suggestion; read in context before accepting.
ba90530146f1541927ab,566,network_comments,The ease of using the bus is impressive for a community of this size.,Staff,,,Suggested,Automated provisional suggestion; read in context before accepting.
5430ab4577577e57723d,567,safety_comments,My biggest safety concerns are motorized vehicles on the roadways. Improvements could be made to crosswalks where there is limited visibility.,Staff,Crossings and motor-vehicle exposure | Micromobility conflicts,Crossings and motor-vehicle exposure | Micromobility conflicts,Suggested,Automated provisional suggestion; read in context before accepting.
3823b7bf95584a6f8398,567,network_comments,It's inconvenient that there is not more parking available for staff. I just want to be able to drive to work.,Staff,Parking access and affordability,Parking access and affordability,Suggested,Automated provisional suggestion; read in context before accepting.
e0b26dcc03964b672f36,568,safety_comments,Cars not stopping at crosswalks,Faculty,Crossings and motor-vehicle exposure,Crossings and motor-vehicle exposure,Suggested,Automated provisional suggestion; read in context before accepting.
114fb228ed65a3c26754,572,network_comments,Lack of parking for non-permit holders is the major problem for me. I would like to see a program to allow non permit holders to pay an hourly fee to park in unused permit spaces. Effectively a sublet of the permitted space on days/times that they are unused. I understand this program exists and is in use elsewhere.,Faculty,Parking access and affordability,Parking access and affordability,Suggested,Automated provisional suggestion; read in context before accepting.
8aebd32e841c5b49f650,573,safety_comments,"Walkways/bikeways and lighting are not available in some areas. I wish the paths are clearly designated or connected everywhere, and that lamps are installed on all streets to ensure safety after dark.",Staff,Protected and connected cycling | Lighting and personal security,Protected and connected cycling | Lighting and personal security,Suggested,Automated provisional suggestion; read in context before accepting.
78a53714b5fb273c4776,573,network_comments,"Aside from my previous comment, I wish the bus arrival times are more reliable, especially during winter.",Staff,Transit operations | Maintenance and weather resilience,Transit operations | Maintenance and weather resilience,Suggested,Automated provisional suggestion; read in context before accepting.
d7bae1f28dc602e4f726,574,network_comments,I would like to see one more bus route that goes through campus,Student,Transit reach and hours,Transit reach and hours,Suggested,Automated provisional suggestion; read in context before accepting.
67fb4022b6ed50bd6630,575,network_comments,Shuttle options. buses are great but they take too long. with only 30 minute intervals it's either I get to work WAY too early or too late.,Staff,Transit operations,Transit operations,Suggested,Automated provisional suggestion; read in context before accepting.
26caf4bbda61c6d66206,577,network_comments,"teach kids bus etiquette no one knows how to ride a bus im staring down kids when theres open space behind them and open seats and they never move to the back of the bus never exit through the front, never enter through the back",Student,Road-user conduct and enforcement | Car-dependent responsibilities,Road-user conduct and enforcement | Car-dependent responsibilities,Suggested,Automated provisional suggestion; read in context before accepting.
6b3a91c4826728643918,579,safety_comments,Crime,Staff,Lighting and personal security,Lighting and personal security,Suggested,Automated provisional suggestion; read in context before accepting.
9f4e251adfc916c82abb,579,network_comments,pedestrian over/underpasses,Staff,,,Suggested,Automated provisional suggestion; read in context before accepting.
70a72be764fec31d1d2b,580,safety_comments,"Drivers do not pay attention to pedestrians or bike riders and routinely drive too fast through campus. Students, likewise, do not pay attention to posted crossings and routinely cutoff bikes and cars with disregard for their own safety.",Staff,Crossings and motor-vehicle exposure | Road-user conduct and enforcement,Crossings and motor-vehicle exposure | Road-user conduct and enforcement,Suggested,Automated provisional suggestion; read in context before accepting.
453cd7f4cd178e0ae8c7,580,network_comments,"I'd be much more likely to commute via bus or bike if there were better routes, particularly on inclement weather days",Staff,Transit reach and hours | Maintenance and weather resilience,Transit reach and hours | Maintenance and weather resilience,Suggested,Automated provisional suggestion; read in context before accepting.
32fd4780b37e0c95ec6e,581,safety_comments,getting to different areas of campus on the bus is difficult because the routes go only in one direction/loop. To get from North campus to Krannert the loop goes all the way to the SW corner of campus before heading to Krannert-very time consuming. Get a route that goes the other direction too!,Staff,Transit operations | Transit reach and hours,Transit operations | Transit reach and hours,Suggested,Automated provisional suggestion; read in context before accepting.
222af6894173bc907ced,581,network_comments,Central campus bus routes shoud go both directions. To get from north campus to krannert the bus goes to SW campus first - so time consuming! Bus loops should go both directions.,Staff,Transit operations | Transit reach and hours,Transit operations | Transit reach and hours,Suggested,Automated provisional suggestion; read in context before accepting.
bcf5a00f3f79beb5cb46,583,safety_comments,Pedestrian traffic/car traffic competing for space,Staff,,,Suggested,Automated provisional suggestion; read in context before accepting.
50729d3eb160f46b0cdb,583,network_comments,"Transportation on campus is fine, but getting to/from campus and other locations by bus takes way too long",Staff,,,Suggested,Automated provisional suggestion; read in context before accepting.
099642905e436554733d,584,safety_comments,lighting during evening hours,Staff,Lighting and personal security,Lighting and personal security,Suggested,Automated provisional suggestion; read in context before accepting.
5377f53ec8efaea58ca2,585,network_comments,The cost of a parking permit is ridiculous.,Staff,Parking access and affordability,Parking access and affordability,Suggested,Automated provisional suggestion; read in context before accepting.
7a8be74ccf192471c112,586,network_comments,Have all crosswalks use the same configuration.,Staff,Crossings and motor-vehicle exposure,Crossings and motor-vehicle exposure,Suggested,Automated provisional suggestion; read in context before accepting.
08e8de4d9316ef4aed9e,587,safety_comments,For biking the problems are getting to the edge of campus - the roads are so poorly maintained that it isn't safe to ride.,Staff,Maintenance and weather resilience,Maintenance and weather resilience,Suggested,Automated provisional suggestion; read in context before accepting.
35eab67129f47026c42a,588,safety_comments,I often work late and am always aware of my surroundings when I walk home. I have never had a bad experience and know where the blue phone stands are.,Staff,Lighting and personal security,Lighting and personal security,Suggested,Automated provisional suggestion; read in context before accepting.
d3e11855b9c96e103f6a,588,network_comments,"I think it is great. Annoying when bicycles use side walk when bike lane is right there. Also, what happened to no bikes/wheels on the quad?",Staff,Protected and connected cycling | Maintenance and weather resilience,Protected and connected cycling | Maintenance and weather resilience,Suggested,Automated provisional suggestion; read in context before accepting.
b869a6f6eb3ae767e27e,589,network_comments,"I think on-campus transit networks are mostly great, but parking is an absolute nightmare. With respect to MTD, I wish that its excellence and convenience extended beyond campus. I'd love to use the bus more, but there are extremely limited options for catching a bus to my office from where I live (just a few miles from campus), and none of them minimize the time or walking distance required from me than if I were to just use my parking spot on campus.",Staff,Transit reach and hours | Lighting and personal security | Maintenance and weather resilience | Parking access and affordability,Transit reach and hours | Lighting and personal security | Maintenance and weather resilience | Parking access and affordability,Suggested,Automated provisional suggestion; read in context before accepting.
f84f863014373503364d,590,network_comments,"I wish I didn't have to pay to park at my workplace. Otherwise, it's pretty decent already.",Staff,,,Suggested,Automated provisional suggestion; read in context before accepting.
94468dd02170a281b273,591,safety_comments,"Being on campus after dark does not feel safe to me because parking lots be isolated, and deranged drivers",Faculty,Lighting and personal security | Parking access and affordability,Lighting and personal security | Parking access and affordability,Suggested,Automated provisional suggestion; read in context before accepting.
29c58eddf16e0b4bb9cb,591,network_comments,Robust bus service so it would not take 4-6 times longer to take the bus than to drive.,Faculty,Maintenance and weather resilience,Maintenance and weather resilience,Suggested,Automated provisional suggestion; read in context before accepting.
4d025a611cc18080fbe9,592,safety_comments,I would love to bike to work as I live just a few miles away in Urbana but I feel very unsafe riding on campus. Bike paths are too narrow and often blocked. Cars are often aggressive towards bikers and don't pay attention for them. Additionally improper communication and education of road safety and rules for bikers and drivers contributes to a more chaotic experience.,Staff,Protected and connected cycling | Crossings and motor-vehicle exposure | Road-user conduct and enforcement,Protected and connected cycling | Crossings and motor-vehicle exposure | Road-user conduct and enforcement,Suggested,Automated provisional suggestion; read in context before accepting.
0291cea31607faf2a733,592,network_comments,Figuring out the proper MTD routes can be confusing and at peak times are often far too crowded to feel safe.,Staff,Transit operations | Transit reach and hours | Information and wayfinding,Transit operations | Transit reach and hours | Information and wayfinding,Suggested,Automated provisional suggestion; read in context before accepting.
41d7911d91c317bc2fbb,593,safety_comments,"remove the gum ball seed pods from sidewalks, smoother surface on crosswalks - some of them have pot holes or divets from heavy vehicle traffic",Staff,Crossings and motor-vehicle exposure | Maintenance and weather resilience,Crossings and motor-vehicle exposure | Maintenance and weather resilience,Suggested,Automated provisional suggestion; read in context before accepting.
a025deb93fdd89e4e762,596,network_comments,Overall it seems pretty good. I think that it is a good place to ride a bike or ride the bus. I do think that some cyclists and pedestrians are not always obeying the traffic laws. They sometimes make unsafe situations for everyone.,Staff,Road-user conduct and enforcement,Road-user conduct and enforcement,Suggested,Automated provisional suggestion; read in context before accepting.
e4eca18c5dea9a74c55f,597,safety_comments,"I feel pretty safe on campus, but I don't spend much time here at night",Staff,Lighting and personal security,Lighting and personal security,Suggested,Automated provisional suggestion; read in context before accepting.
a097ddea48d053c6c9f5,597,network_comments,"I will say what is pretty obvious, parking is limited on campus... I don't mind my walk to work in the mornings, but it does add another 10 minutes to my commute!",Staff,,,Suggested,Automated provisional suggestion; read in context before accepting.
19e2803552a6c0f16560,598,safety_comments,"As a pedestrian and as an auto driver I see the following as potentially hazardous. 1. The lawless operation of of e-scooters. E-scooters can travel at 30 mph. They swerve between bike lanes, roads, and sidewalks with no apparent regulation or enforcement. Student drivers of e-scooters apparently think they can plow through pedestrian traffic and everyone needs to get out of their way. They run red lights at intersections too. The high speed at which they travel is just unbelievable. (The speed of many e-scooters is regulated by braking, and it seems that the operators often let them run at ""full throttle"" most of the time.) 2. Bicyclists also weave through pedestrian traffic, but not as fast, and they usually seem in better control of their vehicles than scooter drivers are. However, I would add that the lawlessness of bicyclists at intersections is another safety risk. Bicyclists ride in pedestrian crossings (at intersections such as Green and Wright; Green and Sixth) as a way of circumventing traffic signals. 3. Another thing that seems very risky, though I haven't actually seen it cause an accident, is the way that food-delivery cars (e.g., doordash) park in the bike lanes along Green Street between Wright and Fourth. I have had bicyclists pop-out from the bike lane in front of my car in order to avoid a parked delivery vehicle. This is usually at night, when visibility is worse. Fortunately the rate of travel for cars on Green Street is pretty slow, with frequent stops, so there is time to adapt to unexpected lane-switching from bikes. In my opinion, all three of these traffic issues should be addressed by (1) appropriate rules of the road, (2) education about the rules, (3) enforcement of the rules. My perception is that there is no effort by police of F&S to educate scooter and bicycle riders about the traffic rules that apply to them. I infer that the student operators of these vehicles think what they are doing is legitimate. Nor is there any enforcement of whatever rules might exist.",Faculty,Protected and connected cycling | Crossings and motor-vehicle exposure | Road-user conduct and enforcement | Micromobility conflicts | Lighting and personal security | Maintenance and weather resilience | Car-dependent responsibilities,Protected and connected cycling | Crossings and motor-vehicle exposure | Road-user conduct and enforcement | Micromobility conflicts | Lighting and personal security | Maintenance and weather resilience | Car-dependent responsibilities,Suggested,Automated provisional suggestion; read in context before accepting.
dbaef7500f3691290410,598,network_comments,"I think the campus transportation network is awesome. Students in my classes have complained about overcrowding on buses, especially 22 Illini and the Yellow. They ""believe"" that the overcrowding also contributes to unreliable bus performance -- that is, the buses run late. I don't know if that's true. But after a certain density of sardine-packing, I also feel that the buses can be unpleasant. These two routes need to be analyzed by MTD for improvement. I am a daily bus rider, and I am annoyed that when a bus arrives at a stop early, the operators do not wait to get back on their predicted schedule. This has caused me to miss my bus every couple of weeks -- as I walk to the bus stop I see it drive past two or three minutes early. Yes, I could make a point of being five minutes early to a bus stop, but should that really be necessary?",Faculty,Transit operations | Transit reach and hours,Transit operations | Transit reach and hours,Suggested,Automated provisional suggestion; read in context before accepting.
e27b5bbfe2528545d148,599,network_comments,"I have had mostly positive experiences with campus transportation. I am planning on moving closer to campus (within 2 miles), partially so I will be able to more easily commute to work via bus, walking, and/or biking in the next couple of months. Currently, I park in the shuttle lot (e14) and I find it inconvenient because there are often bus delays at the end of the work day (around 5 PM) that make it difficult to predict when I will get home, and often add 10-15+ minutes to my commute time.",Staff,Transit operations | Transit reach and hours | Parking access and affordability,Transit operations | Transit reach and hours | Parking access and affordability,Suggested,Automated provisional suggestion; read in context before accepting.
e90d34b5201163350e3c,600,network_comments,"I'm a new employee and imagine once the weather turns, I will be riding my bike to work frequently. I love walking. I love taking the bus--when it's convenient. In the morning there is a wonderful bus that results in a quick commute, but runs infrequently so I have to take care with timing. Returning route is a lot more complicated with more walking and a short amount of riding, so I end up walking. Lastly: it's only very recently that I realized the bus is free once you get to campus. I think that's a fantatsic benefit that community members are not aware of. I've lived here a long time and wasn't aware. Drivers have been lovely and very helpful.",Staff,Transit operations | Transit reach and hours | Maintenance and weather resilience,Transit operations | Transit reach and hours | Maintenance and weather resilience,Suggested,Automated provisional suggestion; read in context before accepting.
b4d940083fa05a1bb7d3,601,safety_comments,"I am visually impaired and oftentimes the audio walk signals do not function. The new curb lifts for wheelchair safety are not painted, so those of us with visual impairments can easily trip over the narrow graduations of the ramps leading up to the sidewalk, especially if we are turning to walk along the sidewalk from the street. Crosswalks (while recently re-painted) hadn't been for some time on south campus (along Sixth Street). Auto and pedestrian traffic is treacherous along Sixth Street between Gregory and Pennsylvania - people fly down the street and often do not stop for folks in the crosswalks, crossing between Wohlers and BIF, or Krannert Museum and College of Ed, or by FAA or the Law School to the Parking Garage. It is absolute chaos, there is zero traffic or pedestrian control in that area.",Staff,Crossings and motor-vehicle exposure | Accessibility and usable routes | Parking access and affordability,Accessibility and usable routes | Maintenance and weather resilience | Crossings and motor-vehicle exposure,AI reviewed,"Audio walk signals, curb visibility, crossing markings, and dangerous street crossings."
75d02fd2c7ba809af14a,601,network_comments,"I have worked on campus for almost 20 years and have always admired the transportation network at Illinois. It hasn't been a real issue up until the last three years or so, when the new hi-rise residential buildings started coming in, that extra traffic and student vehicles seemed to be just overwhelming. Here are some things I have noted lately, especially after losing partial vision in one of my eyes recently: - Encourage students to leave personal vehicles at home. - Charge students a fee for bringing personal vehicles to campus. - Charge students to park on campus during class times, just like employees have to pay. - Ramp up parking enforcement. There was a time when everyone was scared of parking. Not anymore. Students laugh about tickets. - Paint the little curbs that graduate up into the sidewalk, they are a tripping hazard for the visually impaired. - Make sure all audio crosswalk signals are working, and check them on a regular basis. - Trim trees along sidewalks. People over 5' 7"" about take an eye out walking down the sidewalk, especially the ones that run along the sidewalk along the east side of the Band Building and along the block near Speech Language, along Sixth Street. - Trim the bushes back on the sidewalk along the west side of the Main Library, they trim them, but never enough. The side walk is so narrow, if others are walking along the sidewalk, one is forced out into the street to pass. - Replace the signs for Permit Parking Lots, some of them on South Campus (i.e. E2, E18, E19) are so faded, one would never know it is a Permit Lot, or they could say they didn't know.",Staff,Crossings and motor-vehicle exposure | Road-user conduct and enforcement | Accessibility and usable routes | Parking access and affordability,Crossings and motor-vehicle exposure | Road-user conduct and enforcement | Accessibility and usable routes | Parking access and affordability,Suggested,Automated provisional suggestion; read in context before accepting.
11f6445134ca00de0638,602,safety_comments,"Non-authorized vehicles driving in restricted areas like Transit Plaza, usually at speed; students biking, scootering, or using motorized skateboards recklessly through busy intersections; and people not stopping for pedestrians on crosswalks around campus.",Staff,Crossings and motor-vehicle exposure | Road-user conduct and enforcement | Micromobility conflicts,Crossings and motor-vehicle exposure | Road-user conduct and enforcement | Micromobility conflicts,Suggested,Automated provisional suggestion; read in context before accepting.
d4221e0e878ba14ac8e1,602,network_comments,"It's good, but it's a lot more difficult to connect to places of interest off campus. There are a lot of options to get around the campus area, but getting from campus to somewhere off campus is a lot harder, especially when leaving work. I live near the terminal, so getting home is fine, but if I need to go somewhere else before going home, I need to be very thoughtful or risk being stranded somewhere or having to wait a very long time in a much less safe environment.",Staff,,,Suggested,Automated provisional suggestion; read in context before accepting.
8c5d456648a8cca6d5e9,604,network_comments,"Cheaper options that don't make me late for work. More shade on campus walkways, especially in Urbana in the Matthews to Lincoln corridor between Springfield and Kirby.",Staff,,,Suggested,Automated provisional suggestion; read in context before accepting.
5b64fcec742c8e6d7c3f,605,safety_comments,traffic and sidewalk/pedestrian congestion. wider sidewalks. reducing traffic congestion on Green Street and other major thoroughfares,Staff,,,Suggested,Automated provisional suggestion; read in context before accepting.
b375f0cbfd8c9804447a,605,network_comments,"Love the free bus pass for staff. Overall, transportation network is okay, but not great. Enhance it with e-bike passes and more parking for them and for motorcycles that are in safe, visible locations. The parking passes are way too expensive; reduce the costs of those.",Staff,Protected and connected cycling | Micromobility conflicts | Parking access and affordability,Protected and connected cycling | Micromobility conflicts | Parking access and affordability,Suggested,Automated provisional suggestion; read in context before accepting.
baba0ba23cf7dc7d73c8,607,safety_comments,Bicyclists and drivers not following traffic rules. Pedestrians crossing streets illegally or not looking where they are walking. Pedestrians walking through parking lots making it dangerous to back up.,Staff,Crossings and motor-vehicle exposure | Road-user conduct and enforcement | Maintenance and weather resilience | Parking access and affordability,Crossings and motor-vehicle exposure | Road-user conduct and enforcement | Maintenance and weather resilience | Parking access and affordability,Suggested,Automated provisional suggestion; read in context before accepting.
b8e24a48c817cc26858b,607,network_comments,I would like to see more car pool options for people who work nearby. Parking on campus is very expensive.,Staff,,,Suggested,Automated provisional suggestion; read in context before accepting.
882f3433ba51e165d8ef,608,safety_comments,Students/drivers fully stopping at stop signs/paying attention at stop signs.,Student,Road-user conduct and enforcement,Road-user conduct and enforcement,Suggested,Automated provisional suggestion; read in context before accepting.
9680fd4367b7479f0ec6,608,network_comments,I would like to see more lighting west of campus and larger sidewalks.,Student,Lighting and personal security,Lighting and personal security,Suggested,Automated provisional suggestion; read in context before accepting.
bfea93f519cbc2f1bcf8,611,safety_comments,No concerns during the day - however must be vigilant to watch for others (mostly pedestrians) who don't obey traffic signals or common courtesy. Some concerns in the evening when there are fewer people around. I appreciate the cameras and lighting on campus.,Staff,Road-user conduct and enforcement | Lighting and personal security,Road-user conduct and enforcement | Lighting and personal security,Suggested,Automated provisional suggestion; read in context before accepting.
51b48377ba16340054f9,611,network_comments,"This is a multi-dimensional issue, especially for employees with children or who teach after 5 pm.",Staff,Car-dependent responsibilities,Car-dependent responsibilities,Suggested,Automated provisional suggestion; read in context before accepting.
99196823a1ff536361f9,614,safety_comments,"I frequently almost run into people who don't pay attention and walk into the bike paths without looking. I don't know how you fix that, but maybe adding physical barriers to bike paths to reduce people walking into them. it's especially risky on wright street because people get off the bus and just walk right into the bike paths without looking or paying attention.",Staff,Transit operations | Protected and connected cycling | Road-user conduct and enforcement,Transit operations | Protected and connected cycling | Road-user conduct and enforcement,Suggested,Automated provisional suggestion; read in context before accepting.
17fefad21270976cc2a8,614,network_comments,"The bike network is pretty good, but would love if you can figure out some safety improvements to encourage people to look where they are going.",Staff,Protected and connected cycling,Protected and connected cycling,Suggested,Automated provisional suggestion; read in context before accepting.
c44147f29518ed2a4deb,617,network_comments,"As part of the 2024 ITLW, our group identified parking on campus as a major, ongoing problem plaguing the campus for decades, exacerbated by repeat, record-breaking incoming classes and a stagnant number of parking spaces. Happy to share the presentation titled ""Campus Parking Overhaul for Sustainability & Convenience,"" if interested! kacey@illinois.edu",Staff,Parking access and affordability,Parking access and affordability,Suggested,Automated provisional suggestion; read in context before accepting.
0b80e9a03624ca46381c,618,safety_comments,More parking options-building parking garages.,Staff,Parking access and affordability,Parking access and affordability,Suggested,Automated provisional suggestion; read in context before accepting.
9faa82faf7ffdc73c615,618,network_comments,Parking garages,Staff,Parking access and affordability,Parking access and affordability,Suggested,Automated provisional suggestion; read in context before accepting.
d6409d939a0f73932ad4,619,safety_comments,"Bikes and scooters not stopping at stop signs. Also, students trying to cross Lincoln Ave. between Nevada and Oregon, because of the offset street intersections- they need to go to the stop light and cross. The 'diet' of Lincoln Ave. down to one lane jams up traffic all the way up to Green street frequently, especially at football or basketball pre-game times. Giving more of Lincoln Ave. a diet will be horrible- especially with busses and school bus stops. It causes more drivers to get road rage that they have to set through iterations of the lights and then not looking for pedestrians when they finally can move.",Staff,Transit operations | Crossings and motor-vehicle exposure | Road-user conduct and enforcement | Micromobility conflicts,Transit operations | Crossings and motor-vehicle exposure | Road-user conduct and enforcement | Micromobility conflicts,Suggested,Automated provisional suggestion; read in context before accepting.
0c692a5f54ac8ef2bcc5,619,network_comments,"New Green Street layout is chaos. Wright St., too. Got caught in an ever-lasting loop trying to get to the bookstore for textbooks because of the one-ways and restrictions. Terrible intro campus image for parents trying to help their kids get their textbooks and IDs.",Staff,Car-dependent responsibilities,Car-dependent responsibilities,Suggested,Automated provisional suggestion; read in context before accepting.
21bb361e2c99a8a531e3,620,network_comments,I think campus does a very good job. It's the hills in Urbana neighborhoods that makes traversing to work very difficult in any other method than driving,Staff,,,Suggested,Automated provisional suggestion; read in context before accepting.
347d06a452b5e9efa716,621,safety_comments,"Cars parked in bike lanes that force you out into the car lane, should enforce this and write tickets/tow. Poor lighting or lack of crosswalks and/or signals at popular mid-street crossing points (especially by Japan House on Lincoln Ave), invest in better infrastructure to improve.",Student,Protected and connected cycling | Crossings and motor-vehicle exposure | Road-user conduct and enforcement | Lighting and personal security,Protected and connected cycling | Crossings and motor-vehicle exposure | Road-user conduct and enforcement | Lighting and personal security,Suggested,Automated provisional suggestion; read in context before accepting.
392ef9e83eef85eff368,621,network_comments,"I find the campus as a whole quite bike friendly and the overall network very good. While busses aren't as quick as a bike they provide a good transportation method to fall back on when the weather is bad and walkability is generally great also. Continue to invest in better infrastructure that keeps cyclists, pedestrians, and cars separated from each other and safe.",Student,Protected and connected cycling | Micromobility conflicts | Maintenance and weather resilience,Protected and connected cycling | Micromobility conflicts | Maintenance and weather resilience,Suggested,Automated provisional suggestion; read in context before accepting.
0467e44ee3143ced1e29,622,safety_comments,Lighting on S. Lincoln avanue has minima lighting by the vet schol and many students (myself included) are here late and have to walk all the way to f-23 in the dark. It is not a a very safe walk in the dark.,Student,Lighting and personal security,Lighting and personal security,Suggested,Automated provisional suggestion; read in context before accepting.
15bb58d4d53eadbbea81,622,network_comments,bus routes from f-23 to BSB. This would help prevent vet students from constantly moving there cars when lots at the vet school are available to be parked at in the evenings. Students coud just leave there cars in f-23 and woukd have a safe way to get beck to them in the evenings.,Student,Transit reach and hours,Transit reach and hours,Suggested,Automated provisional suggestion; read in context before accepting.
1fa1dc83041759daef90,623,network_comments,Lacking dramatically compared to other college towns I’ve lived in. I don’t even consider the bus a reliable transportation option because it triples or quadruples the commute time and has a very infrequent schedule. Most other colleges have their own bus system independent of the local city to transport students around campus in areas where it is too far to walk.,Student,Transit operations,Transit operations,Suggested,Automated provisional suggestion; read in context before accepting.
ee4496e551929643ffb1,625,safety_comments,Only when I have to be here at 6am or leave at like 11 pm,Student,,,Suggested,Automated provisional suggestion; read in context before accepting.
e4af28e2ab680470a618,625,network_comments,Uhhhh make parking garages and put them under the new buildings you build,Student,Parking access and affordability,Parking access and affordability,Suggested,Automated provisional suggestion; read in context before accepting.
8292f636335dc545cd4e,627,network_comments,"My commute is via Windsor road, where traffic is very fast. I feel unsafe walking or biking to campus via this route. I also have to cross Neil St, which also feels unsafe when not in a car.",Staff,Lighting and personal security,Lighting and personal security,Suggested,Automated provisional suggestion; read in context before accepting.
784cbe064cdeab5b4209,629,network_comments,The campus transportation network is great and would like to see improvements towards other modes of transportations that don't involve requiring a highly priced parking pass or not that much applicable biking paths.,Student,Protected and connected cycling | Parking access and affordability,Protected and connected cycling | Parking access and affordability,Suggested,Automated provisional suggestion; read in context before accepting.
7f9b26e8c2bf0024e176,631,safety_comments,Green street is very bad for bikes due to cars parked in the bike lanes nearly constantly.,Faculty,Protected and connected cycling | Micromobility conflicts,Protected and connected cycling | Micromobility conflicts,Suggested,Automated provisional suggestion; read in context before accepting.
15456bdf39d585052c27,631,network_comments,See previous - fix parking situation on Green Street.,Faculty,Parking access and affordability,Parking access and affordability,Suggested,Automated provisional suggestion; read in context before accepting.
8dda21e23fa8ce07c0c9,636,safety_comments,Make better and more bike paths. Get bikes to use them. Get pedestrians to stop walking in the bike paths - totally oblivious.,Staff,Protected and connected cycling | Micromobility conflicts,Protected and connected cycling | Micromobility conflicts,Suggested,Automated provisional suggestion; read in context before accepting.
982ade73cc8187b53b3b,636,network_comments,I'm good. MTD is great.,Staff,,,Suggested,Automated provisional suggestion; read in context before accepting.
1fabb341ebb21427259c,638,network_comments,"Campus could add a shuttle from E14 and E22 for Employees and Staff. This shuttle could have one or two stops that vary at both get to work times and end of day times. The MTD does not service mulitple building without having to either transfer mulitple times, or walk a very long way. A shuttle could seriously help improve this while waiting for a parking pass to become open.",Staff,Transit operations | Transit reach and hours | Maintenance and weather resilience | Parking access and affordability,Transit operations | Transit reach and hours | Maintenance and weather resilience | Parking access and affordability,Suggested,Automated provisional suggestion; read in context before accepting.
427d325389de9c3db616,641,safety_comments,"Aggressive drivers, drivers who do not obey signs (campus vehicles are by far the worst about running stop signs), and/or do not signal or do not give right of way to pedestrians in crosswalks, jaywalking students staring at their cell phones",Faculty,Crossings and motor-vehicle exposure | Road-user conduct and enforcement,Crossings and motor-vehicle exposure | Road-user conduct and enforcement,Suggested,Automated provisional suggestion; read in context before accepting.
223560c40ac25a22c55c,641,network_comments,"If there is no enforcement, nothing will ever get better. Drivers, bicyclists, scooter and skateboard riders all seem to feel that can just ""do whatever"" in the roads and at traffic signage.",Faculty,Road-user conduct and enforcement | Maintenance and weather resilience | Information and wayfinding,Road-user conduct and enforcement | Maintenance and weather resilience | Information and wayfinding,Suggested,Automated provisional suggestion; read in context before accepting.
9dbb99a2d42d20550864,643,network_comments,"For those that do drive to campus, it would be super beneficial to have more flex lots, especially in the summer. Since covid, many lots remain 1/2 empty and I think more would want to come into the office to work if they had closer parking. It is nice to be able to leave at lunch off campus or run errands without having to park far away.",Staff,Maintenance and weather resilience | Car-dependent responsibilities,Maintenance and weather resilience | Car-dependent responsibilities,Suggested,Automated provisional suggestion; read in context before accepting.
f47b7cb2fde5a27b3394,645,safety_comments,"Concerns: Students walking out in front and in between traffic. People not using designated pedestrian crossings. Bicycles not obeying traffic laws. Stops signs, traffic lights. Cars/motorcycles speeding and driving recklessly. Improvements: Speed traps. More police presence. Bicycle police.",Staff,Crossings and motor-vehicle exposure | Road-user conduct and enforcement | Lighting and personal security | Maintenance and weather resilience,Crossings and motor-vehicle exposure | Road-user conduct and enforcement | Lighting and personal security | Maintenance and weather resilience,Suggested,Automated provisional suggestion; read in context before accepting.
013bf4fcc8496931842e,647,safety_comments,get people off their phones,Faculty,,,Suggested,Automated provisional suggestion; read in context before accepting.
a29a6c280af56cb43953,647,network_comments,to crowded-people not paying attention,Faculty,Road-user conduct and enforcement,Road-user conduct and enforcement,Suggested,Automated provisional suggestion; read in context before accepting.
3c92e53886debfcd04fb,650,safety_comments,Bad drivers. Speeding.,Staff,Crossings and motor-vehicle exposure,Crossings and motor-vehicle exposure,Suggested,Automated provisional suggestion; read in context before accepting.
b86d3b7d2d24d3c0abc7,650,network_comments,"Confusing markings on streets for bike paths. Too many people just walking across a crossing without looking for cars, they just seem to assume that a car will not hit them because they have the complete right of way and just walk out in front of the car without even looking or slowing down to see if it is safe. It is truly alarming behavior. So many people wearing ear buds and not aware of their surroundings.",Staff,Protected and connected cycling | Crossings and motor-vehicle exposure | Road-user conduct and enforcement | Information and wayfinding,Protected and connected cycling | Crossings and motor-vehicle exposure | Road-user conduct and enforcement | Information and wayfinding,Suggested,Automated provisional suggestion; read in context before accepting.
3c9ec3faaf1909cb10f5,651,safety_comments,"Limiting places for cars near bikes, especially on Green Street",Student,,,Suggested,Automated provisional suggestion; read in context before accepting.
d0f8756684b255ee0f3a,652,safety_comments,"For my commute I'd ideally ride my bike east down Springfield, but there is no bike lane on that rode, and the second-best alternative is going south to green st and then going up north again, which is annoyingly inefficient, so a lot of times I end up going the wrong way down Healey when I'm in a rush.",Student,Protected and connected cycling | Road-user conduct and enforcement,Protected and connected cycling | Road-user conduct and enforcement,Suggested,Automated provisional suggestion; read in context before accepting.
8d61f0e795a82faf5cc2,652,network_comments,A bike lane on healey/springfield,Student,Protected and connected cycling,Protected and connected cycling,Suggested,Automated provisional suggestion; read in context before accepting.
e227e48be7e1c78af112,655,safety_comments,E-bikes and bikers in general. You should add speed bumps and additional bike lanes to preserve pedestrian right-of-way and safety.,Staff,Protected and connected cycling | Crossings and motor-vehicle exposure | Road-user conduct and enforcement | Micromobility conflicts,Protected and connected cycling | Crossings and motor-vehicle exposure | Road-user conduct and enforcement | Micromobility conflicts,Suggested,Automated provisional suggestion; read in context before accepting.
6a97cb2737454ce45a4d,655,network_comments,Green bus route very helpful. Many other bus routes fail to meet need outside of daytime hours. Too many bikers not obeying stop signs and other traffic laws. Drunks and youth crime are persistent concerns in the Green St. and quad areas.,Staff,Transit reach and hours | Road-user conduct and enforcement | Lighting and personal security,Transit reach and hours | Road-user conduct and enforcement | Lighting and personal security,Suggested,Automated provisional suggestion; read in context before accepting.
8d6166069e5caea795e7,656,safety_comments,"Lower curbs. more places to sit an rest (maybe have some be just for disabled people), less cracks on the sidewalks and walkways and not have students zip by you on Skateboards, Hoverboards, etc.",Staff,Micromobility conflicts | Maintenance and weather resilience | Accessibility and usable routes,Micromobility conflicts | Maintenance and weather resilience | Accessibility and usable routes,Suggested,Automated provisional suggestion; read in context before accepting.
eae7efd7bdc4a9a4746e,656,network_comments,"Overall for a campus this size, the transportation network really works. One area of concern, though, is lot F1 Mumford Hall. You have parking, the alley, and a bike path that goes through there. It is very hard and dangerous to pull in or out of parking spaces because students are using the bike path and you frequently are having to step on your brake while pulling in an out of parking spaces because people do not wait for you.",Staff,Protected and connected cycling | Micromobility conflicts | Parking access and affordability,Protected and connected cycling | Micromobility conflicts | Parking access and affordability,Suggested,Automated provisional suggestion; read in context before accepting.
d4984230a28f4d3c1573,658,network_comments,"The network is really solid on campus, but I live farther away than many students. Out here at the edge between Savoy and Champaign, small delays in bus routes have snowballed to cause me to miss classes a few times.",Student,Transit operations | Transit reach and hours | Maintenance and weather resilience | Car-dependent responsibilities,Transit operations | Transit reach and hours | Maintenance and weather resilience | Car-dependent responsibilities,Suggested,Automated provisional suggestion; read in context before accepting.
17e16f88e9922b686708,659,safety_comments,"Better pathways, targeted lighting for pedestrians and bicyclists",Staff,Protected and connected cycling | Lighting and personal security | Maintenance and weather resilience,Protected and connected cycling | Lighting and personal security | Maintenance and weather resilience,Suggested,Automated provisional suggestion; read in context before accepting.
6fa77689069b8ef62cae,659,network_comments,"More bicycle paths, more connections between existing bicycle paths, better crossings for bicycles at busy intersections.",Staff,Protected and connected cycling | Crossings and motor-vehicle exposure | Maintenance and weather resilience,Protected and connected cycling | Crossings and motor-vehicle exposure | Maintenance and weather resilience,Suggested,Automated provisional suggestion; read in context before accepting.
e3a761f8ae383f23ee6c,660,safety_comments,"Construction temporary fencing jutting out into streets makes me have to merge with cars on a bike, and some don't pay attention (Wright St north of Green)",Student,Road-user conduct and enforcement,Road-user conduct and enforcement,Suggested,Automated provisional suggestion; read in context before accepting.
1714ae39019201a5b91e,660,network_comments,"Pretty good, much better for bikes than off campus. Sometimes it's awkward as a cyclist to merge back onto roads with cars after I have taken a bike/pedestrian path through a block on campus.",Student,Protected and connected cycling,Protected and connected cycling,Suggested,Automated provisional suggestion; read in context before accepting.
6fb696b33be897e44ef6,661,safety_comments,"1 - biking though intersections with car detection cameras, so that they don't change the traffic light for bikes 2 - right-turning cars at intersections can make pedestrian crosswalks dangerous",Student,Crossings and motor-vehicle exposure,Crossings and motor-vehicle exposure,Suggested,Automated provisional suggestion; read in context before accepting.
97296dd93afdd916e32e,661,network_comments,Honestly really good for the US. Would love to see improved integration with off-campus networks (especially on the north side of town where sidewalks are not well maintained). Would love a shuttle or bus line to the airport.,Student,Transit reach and hours | Maintenance and weather resilience,Transit reach and hours | Maintenance and weather resilience,Suggested,Automated provisional suggestion; read in context before accepting.
0cfceac913d3ca42ce8b,662,network_comments,I would love to see students who park in our lot get towed. It is beyond frustrating coming back from lunch or a meeting and not be able to park in the lot I pay for and have to drive around to find an empty meter or find another lot/garage.,Staff,Parking access and affordability,Parking access and affordability,Suggested,Automated provisional suggestion; read in context before accepting.
8cf3f1658426724d7991,663,safety_comments,Sidewalks with giant potholes cause me to fall off my skateboard Springfield ave is so scary as a pedestrian or on a bike/skateboard,Student,Micromobility conflicts | Maintenance and weather resilience,Micromobility conflicts | Maintenance and weather resilience,Suggested,Automated provisional suggestion; read in context before accepting.
46268579643c76abbd88,663,network_comments,Please make springfield avenue safer the drivers get so angry at people crossing the street and there's no safe place to bike,Student,Crossings and motor-vehicle exposure,Crossings and motor-vehicle exposure,Suggested,Automated provisional suggestion; read in context before accepting.
2ced60ddd550e60ed6d6,664,safety_comments,There is still a tendency to have too much car traffic in the inner portions of campus. A heavy restriction of car traffic between Lincoln & 1st and Kirby/Florida & Daniel should be a goal for the university. The campus and university should be encouraging a car-minimum approach. Cars and university vehicles still do not watch for pedestrians and bikers to the degree that they need to ....,Faculty,,,Suggested,Automated provisional suggestion; read in context before accepting.
e675fe4c98997779e444,664,network_comments,"There should be a broader or more open policy about going to other parts of the campus and parking. For example, if I pay for a parking permit in lot F-23, I should be able to go to lost E14 or E24 or B21 or B1. The parking regulations are far too restrictive. If you want to encourage bus usage, then create a bus line from a commuter lot that is more active and accessible.",Faculty,Transit reach and hours | Road-user conduct and enforcement | Maintenance and weather resilience | Parking access and affordability,Transit reach and hours | Road-user conduct and enforcement | Maintenance and weather resilience | Parking access and affordability,Suggested,Automated provisional suggestion; read in context before accepting.
2af40b0badc11ce647f6,666,safety_comments,"Bike riders that do not follow laws/regulations in street, sidewalk (they do not usually ride on bike paths). I hate walking anywhere on campus due to bike riders and scooters.",Staff,Protected and connected cycling | Micromobility conflicts,Protected and connected cycling | Micromobility conflicts,Suggested,Automated provisional suggestion; read in context before accepting.
d7717d75c6ca28d2149f,667,safety_comments,"Cars, bikes, pedestrians not paying attention/going too fast",Staff,Crossings and motor-vehicle exposure | Road-user conduct and enforcement,Crossings and motor-vehicle exposure | Road-user conduct and enforcement,Suggested,Automated provisional suggestion; read in context before accepting.
26234f05b5b9b4d20b40,667,network_comments,Safer bike lanes (separate from car and pedestrian traffic,Staff,Protected and connected cycling,Protected and connected cycling,Suggested,Automated provisional suggestion; read in context before accepting.
821b55440bdd1c5dd686,670,safety_comments,Some areas have poor cross walks like around PAR/FAR,Student,Crossings and motor-vehicle exposure,Crossings and motor-vehicle exposure,Suggested,Automated provisional suggestion; read in context before accepting.
17518f80407c23d5c8bf,670,network_comments,"Pretty Good, Walking is obviously the promoted method",Student,,,Suggested,Automated provisional suggestion; read in context before accepting.
8cd95b4fb5a1a4591e18,672,safety_comments,Other people have no regard for anyone other themselves. Mandatory lights for bikers and other modes of transportation at night are not enforced. Bike lanes not marked clearly enough and aren't wide enough.,Student,Protected and connected cycling | Road-user conduct and enforcement | Lighting and personal security,Protected and connected cycling | Road-user conduct and enforcement | Lighting and personal security,Suggested,Automated provisional suggestion; read in context before accepting.
7dc74b40a24423458ae0,672,network_comments,"Campus transportation network is decent. Improvements: driving on Green Street is a hazard and should be shut down on weekdays. Cones around Altgeld in the street for people to walk; even if it's not allowed, students will walk along there no matter what and is a hazard for both cars and bikers.",Student,,,Suggested,Automated provisional suggestion; read in context before accepting.
e949e252edd695d66e82,674,safety_comments,The bike infrastructure needs to be improved. More tickets need to be issued to cyclists and pedestrians for traffic infractions.,Staff,Protected and connected cycling | Road-user conduct and enforcement | Micromobility conflicts,Protected and connected cycling | Road-user conduct and enforcement | Micromobility conflicts,Suggested,Automated provisional suggestion; read in context before accepting.
44b32ae52df530a0cd6f,674,network_comments,"If students can't use crosswalks correctly, the campus needs to be closed to all traffic.",Staff,Crossings and motor-vehicle exposure,Crossings and motor-vehicle exposure,Suggested,Automated provisional suggestion; read in context before accepting.
d9194fcba4797cb36406,677,safety_comments,I have no significant safety concerns.,Other / multiple roles,,,Suggested,Automated provisional suggestion; read in context before accepting.
7eabb9dcb31900254b33,677,network_comments,No improvements are necessary.,Other / multiple roles,,,Suggested,Automated provisional suggestion; read in context before accepting.
760b1912a85c14bdcdcc,678,network_comments,"Very good overall. Further bicycle infrastructure and limit access to Green St. (1st to Wright) allowing only buses, bicycles, and pedestrians",Faculty,Transit reach and hours | Protected and connected cycling | Maintenance and weather resilience,Transit reach and hours | Protected and connected cycling | Maintenance and weather resilience,Suggested,Automated provisional suggestion; read in context before accepting.
48f666188a0f8cfdbe0b,679,safety_comments,Uncontrolled intersections at class change times. Folks (of all types) who aren't following the rules of the road.,Faculty,Road-user conduct and enforcement,Road-user conduct and enforcement,Suggested,Automated provisional suggestion; read in context before accepting.
846af6618e5ecb138b17,679,network_comments,It's really quite good. The big issues with the bus system involve poor connectivity to certain residential areas (e.g. where I live) and certain bits of campus (e.g. the Siebel Center on north campus). Also worth noting that campuses everywhere are filled with people who aren't paying attention. This creates hazards but is very hard to mitigate.,Faculty,Transit reach and hours | Road-user conduct and enforcement,Transit reach and hours | Road-user conduct and enforcement,Suggested,Automated provisional suggestion; read in context before accepting.
4f954c29ffd898b1faac,681,network_comments,Better traffic control at stop lights.,Staff,,,Suggested,Automated provisional suggestion; read in context before accepting.
2b3c1ae33ef30ea091a1,682,safety_comments,"Things were much better before motorized bikes and scooters. People still managed to get to class etc in ""the old days'! The scooters are a real hazard!!!! Especially because they go too fast and often riders are going the wrong way on a one way street or zipping through congested traffic. I live in total terror of hitting someone on a scooter that I didn't see, while driving or being run over by one while walking. I know they help students get around quickly but I think they shouldn't be allowed on campus.",Faculty,Road-user conduct and enforcement | Micromobility conflicts,Road-user conduct and enforcement | Micromobility conflicts,Suggested,Automated provisional suggestion; read in context before accepting.
c1d8f6611dbc5e8d9fc0,682,network_comments,This is probably a city of Urbana thing but Pennsylvania between Race and Lincoln is a real bike throughway and it is a complete hazard due to the potholes and uneven pavement. That's the way I bike when I bike to campus and it is really a mess. Thanks this is a good survey.,Faculty,Maintenance and weather resilience,Maintenance and weather resilience,Suggested,Automated provisional suggestion; read in context before accepting.
9444d59b0c56bc005572,684,safety_comments,Crossing or turning on Lincoln Ave is my biggest safety concern.,Staff,Crossings and motor-vehicle exposure,Crossings and motor-vehicle exposure,Suggested,Automated provisional suggestion; read in context before accepting.
0cf0f6f3ffe942bebaad,685,safety_comments,"Around construction areas, especially around Altgeld and the intersection of Wright and Chalmers, little has been done to make the space equivalently accessible to pedestrians and cyclists. Near Altgeld, the sidewalk was fenced off and a temporary one was not made. This leaves students walking and biking in the street.",Student,Accessibility and usable routes,Accessibility and usable routes,Suggested,Automated provisional suggestion; read in context before accepting.
97dd74d7981d18fa8021,685,network_comments,"The on camous transportation network seems to work very well. As a Pathways student, I struggle to make it to Parkland on time. The 9 bus is frequently delayed and takes arduous routes through town. On weekends, it is almost impossible to go to find a bus to Parkland.",Student,Transit operations | Transit reach and hours,Transit operations | Transit reach and hours,Suggested,Automated provisional suggestion; read in context before accepting.
ddbcaeea2bd7f911e19c,686,network_comments,"better education of the bicycle riders on campus. They use lanes improperly and disregard traffic signals and signs. Motorized scooters and skateboards are quite dangerous. They disregard all other traffic, vehicular and pedestrian.",Staff,Protected and connected cycling | Road-user conduct and enforcement | Micromobility conflicts | Maintenance and weather resilience,Protected and connected cycling | Road-user conduct and enforcement | Micromobility conflicts | Maintenance and weather resilience,Suggested,Automated provisional suggestion; read in context before accepting.
8b86716902b1fb1b462e,687,safety_comments,The increase in electric powered devices that have gotten to be very fast and are hard to see at times.,Staff,Micromobility conflicts,Micromobility conflicts,Suggested,Automated provisional suggestion; read in context before accepting.
97781e94ebaf6af5c5c2,687,network_comments,More visibility requirements/options for campus scooter and electric wheel and skateboard riders. We have been very fortunate in the campus community to not have any serious accidents.,Staff,Micromobility conflicts,Micromobility conflicts,Suggested,Automated provisional suggestion; read in context before accepting.
320168c885396f958517,690,network_comments,"On campus busing, biking, walking are all very good. However off campus biking infrastructure quickly drops off besides select streets like W Green St.",Student,Protected and connected cycling,Protected and connected cycling,Suggested,Automated provisional suggestion; read in context before accepting.
48028414082a17382a07,691,safety_comments,Cracked sidewalks and uneven pavement,Student,Maintenance and weather resilience,Maintenance and weather resilience,Suggested,Automated provisional suggestion; read in context before accepting.
90fb74e57c222b9a4879,691,network_comments,Pretty good. I can get around easily.,Student,,,Suggested,Automated provisional suggestion; read in context before accepting.
f25e4ed1cd37add9c3af,692,safety_comments,"The usage of scooters. I think that some individuals who use them aren't following the rules of the roads sometimes and it can be very dangerous to someone who is driving or walking. (Particularly to bus drivers when scooter usage people try to cut them off, buses have blind spots).",Staff,Road-user conduct and enforcement | Micromobility conflicts,Road-user conduct and enforcement | Micromobility conflicts,Suggested,Automated provisional suggestion; read in context before accepting.
c33d1c8aa0ed541a9e1e,692,network_comments,"There seems to be a very long waitlist for parking spots. If some people in an office have a hybrid schedule, why not let them share with someone a space who has the opposite schedule? Also, some people no longer commute to campus and mainly work from home, do they need a parking space full time?",Staff,Maintenance and weather resilience | Parking access and affordability,Maintenance and weather resilience | Parking access and affordability,Suggested,Automated provisional suggestion; read in context before accepting.
b897aea2dcefcb0285c3,693,network_comments,"Overall, pretty good.",Student,,,Suggested,Automated provisional suggestion; read in context before accepting.
71b6f51f1e1b8eec0f9a,694,safety_comments,People on bikes and skate boards travelling at high speeds on sidewalks,Staff,,,Suggested,Automated provisional suggestion; read in context before accepting.
ec2961a359fe0cfba584,694,network_comments,I HAVE NO IDEA,Staff,,,Suggested,Automated provisional suggestion; read in context before accepting.
3909c136aa0930460ee7,695,safety_comments,Crossing streets with no stop lights. Crosswalks are iffy.,Faculty,Crossings and motor-vehicle exposure,Crossings and motor-vehicle exposure,Suggested,Automated provisional suggestion; read in context before accepting.
2820b571e5cf4b76d755,695,network_comments,"Overall it’s good, and much better than it used to be. The main problems are at crosswalks w/o stop lights or flashing lights, and people parking in bike lanes (especially on Green and on Wright). The intersections with a phase where all cars are stopped, like at Green & Wright, are excellent. More of those would be nice, eg, at Lincoln and Nevada.",Faculty,Protected and connected cycling | Crossings and motor-vehicle exposure | Maintenance and weather resilience,Protected and connected cycling | Crossings and motor-vehicle exposure | Maintenance and weather resilience,Suggested,Automated provisional suggestion; read in context before accepting.
6402678c7034918b8517,698,safety_comments,My biggest safety concerns while navigating campus include having to walk near Green Street alone and after dark. I also feel apprehensive about walking near poorly lit areas throughout campus at night.,Student,Lighting and personal security,Lighting and personal security,Suggested,Automated provisional suggestion; read in context before accepting.
d611a1e005e05a29a447,698,network_comments,"Overall, the campus transportation network is safe and easy to use. However, in the morning during week days it is near impossible to use the buses because they are simply too crowded. I would also like to see bike racks and parking areas having an overhead roof to protect the bikes from rain/snow/ or other inclement weather.",Student,Transit operations | Protected and connected cycling | Micromobility conflicts | Maintenance and weather resilience,Transit operations | Protected and connected cycling | Micromobility conflicts | Maintenance and weather resilience,Suggested,Automated provisional suggestion; read in context before accepting.
f279ae4f1d0c12bdf33d,699,safety_comments,"Bike lanes are not consistent, and cars and buses often pull into bike lanes. Bike lanes also often cut across pedestrian paths, creating a risk. More consistent bike lanes (ie staying on the same side of the road, signs warning pedestrians of bike lanes) could help solve this.",Student,Protected and connected cycling,Protected and connected cycling,Suggested,Automated provisional suggestion; read in context before accepting.
1e7838e88d04f47b9ca2,699,network_comments,The bus system is unreliable. I would not trust a bus to arrive on time for me to consistently use it to get to class.,Student,Transit operations,Transit operations,Suggested,Automated provisional suggestion; read in context before accepting.
2df4f8f2c0983c0130b8,700,safety_comments,"Bike path markings could be better maintained, Matthews bike lanes are not in good shape, motorized scooters going wrong way, cars not using turn signals or not stopping when making right turns on red, pedestrians not aware of bike paths are main concerns.",Faculty,Protected and connected cycling | Crossings and motor-vehicle exposure | Road-user conduct and enforcement | Micromobility conflicts | Maintenance and weather resilience,Protected and connected cycling | Crossings and motor-vehicle exposure | Road-user conduct and enforcement | Micromobility conflicts | Maintenance and weather resilience,Suggested,Automated provisional suggestion; read in context before accepting.
7bfdd98d9b4722a4a46c,700,network_comments,Improved bike lane markings and conditions. Overall I'm very happy to be able to bike daily to/from campus.,Faculty,Protected and connected cycling,Protected and connected cycling,Suggested,Automated provisional suggestion; read in context before accepting.
a8f0182d7607fcad44df,701,safety_comments,Solicited by unhoused people. Catcalling.,Student,Lighting and personal security,Lighting and personal security,Suggested,Automated provisional suggestion; read in context before accepting.
d43c96764f655c59159d,701,network_comments,"It is significantly better than most small cities. Bus etiquette could be improved, including getting on/off, taking up space, and noise.",Student,Road-user conduct and enforcement,Road-user conduct and enforcement,Suggested,Automated provisional suggestion; read in context before accepting.
860323ad581e4e20f585,702,safety_comments,"Green Street is tedious to navigate on an E-Scooter due to fast vehicles, and bike lanes merging from time to time with the cars. Not to mention during wet conditions outside, there are pools of water that form along the side of the street that make it hard to remain in the bike lane and requires a merge with the car lanes instead. Drivers can get angry at bikers merging with their lane and it can sometimes lead to some dangerous situations.",Student,Protected and connected cycling | Micromobility conflicts,Protected and connected cycling | Micromobility conflicts,Suggested,Automated provisional suggestion; read in context before accepting.
5257721082d9aa437098,702,network_comments,"I think the overall network is very good but I would like to see better maintained bike lanes along the further outskirts of campus, especially on green street, and maybe even expanded bike lanes too in order to ensure bikes and cars and both safely travel together. On top of this - as an e scooter rider, as I know policy dictates that e scooters are not allowed inside buildings due to safety reasons, I would appreciate a dedicated area to maybe be able to park my scooter or other PEVs that might be separate from bikes. More specifically, a more weather safe area would be very nice as most scooters are not supposed to be left outside in wet or unideal conditions. This would help keep electric vehicles dry and safe and prevent them from running into any issues from being left out in the rain, as many people still use their electric bikes and scooters to get to class even during rainy days.",Student,Protected and connected cycling | Road-user conduct and enforcement | Micromobility conflicts | Maintenance and weather resilience,Protected and connected cycling | Road-user conduct and enforcement | Micromobility conflicts | Maintenance and weather resilience,Suggested,Automated provisional suggestion; read in context before accepting.
fe53f6f26436c63a220b,704,network_comments,"I think some bus stops are really unfriendly to pedestrians (for example, literally",Student,,,Suggested,Automated provisional suggestion; read in context before accepting.
46f5fc798f3e3eac115d,705,safety_comments,"Honestly, the bike path infrastructure is very good. There is generally a good path to take wherever I need to go in town. Even when I ride to west Champaign, residential streets generally feel very safe. Places that could use improvement: - Springfield Ave could really use a bike path heading east from Lincoln Ave. - 4th St. bike lane is aggressively bumpy for a few blocks approaching Green St. from the south.",Student,Protected and connected cycling | Micromobility conflicts,Protected and connected cycling | Micromobility conflicts,Suggested,Automated provisional suggestion; read in context before accepting.
1afb8992c9700975bd47,705,network_comments,"I love commuting on campus, especially on skates and bike. I used to skate and bike to class every day, but now it's too slow when I need to get between locations. There are a few locations where I've felt unsafe, but mostly I have no qualms.",Student,,,Suggested,Automated provisional suggestion; read in context before accepting.
c589837cc60f0f818bb8,707,safety_comments,"Cars parked or standing in bike lanes constantly; students riding mopeds in bike lanes across the quad especially in the long bike lane that runs east-west at the south end of the main quad. There is seemingly NO enforcement of these areas intended for bike paths. Cars drive too fast and don't obey signs such as no turn on red, etc.",Staff,Protected and connected cycling | Crossings and motor-vehicle exposure | Road-user conduct and enforcement,Protected and connected cycling | Crossings and motor-vehicle exposure | Road-user conduct and enforcement,Suggested,Automated provisional suggestion; read in context before accepting.
f4d50023a142e0268d71,707,network_comments,"It's improved over the past 20 years but still has a long ways to go. Proper enforcement of bike and sidewalk infrastructure from car/motorcycle/moped users, more bike parking (especially covered), more bike paths.",Staff,Protected and connected cycling | Road-user conduct and enforcement | Micromobility conflicts | Parking access and affordability,Protected and connected cycling | Road-user conduct and enforcement | Micromobility conflicts | Parking access and affordability,Suggested,Automated provisional suggestion; read in context before accepting.
40742c4b2980ae03c69c,709,safety_comments,"Walking at night is more of a concern to me; better lighting would lessen that worry a bit (around south quad, fraternities, in town)",Student,Lighting and personal security,Lighting and personal security,Suggested,Automated provisional suggestion; read in context before accepting.
a2a582f85da756526e30,712,network_comments,"When I was looking for an apartment, good bus connectivity was a crucial factor. While I personally don't have any desired improvements in mind now, I think good bus connectivity to off-campus locations would give people more options when picking a place to live.",Student,Transit reach and hours,Transit reach and hours,Suggested,Automated provisional suggestion; read in context before accepting.
adf52877913a9ead2c4c,713,network_comments,Overall positive. Bike infrastructure is improving and MTD is provided a fantastic service. Would like to see increased enforcement/outreach towards both distracted drivers and pedestrians,Student,Protected and connected cycling | Road-user conduct and enforcement | Maintenance and weather resilience,Protected and connected cycling | Road-user conduct and enforcement | Maintenance and weather resilience,Suggested,Automated provisional suggestion; read in context before accepting.
fab005dfa3df108e8949,714,network_comments,10/10,Student,,,Suggested,Automated provisional suggestion; read in context before accepting.
a47584af197b6d526931,715,safety_comments,busses stopping in bike lanes,Student,Protected and connected cycling,Protected and connected cycling,Suggested,Automated provisional suggestion; read in context before accepting.
587a9a962f303c88a112,716,safety_comments,"Bad snow and ice removal on sidewalks, cracks and potholes",Student,Maintenance and weather resilience,Maintenance and weather resilience,Suggested,Automated provisional suggestion; read in context before accepting.
4523548ff98e5bda30e7,716,network_comments,"It is top notch by American standards - the grade separated bike lanes and the narrow streets are awesome. It would be great if the bike path network could be expanded to encompass some surrounding off-campus area too, so commuting to and from campus becomes safer. The major roads on campus (Lincoln and Springfield mainly) feel very dangerous to traverse on foot / bicycle, because the traffic moves fast, bike path is not continuous, the sidewalks are narrow, and there are plenty of potholes. Wright in contrast is a lot safer even though it is equally wide. Please plow the bike paths if possible - snow and mud removed from the road accumulate on them.",Student,Protected and connected cycling | Micromobility conflicts | Maintenance and weather resilience,Protected and connected cycling | Micromobility conflicts | Maintenance and weather resilience,Suggested,Automated provisional suggestion; read in context before accepting.
7a3bc412ced6ffd75d88,717,safety_comments,pedestrian and bicycle user crossings,Staff,Crossings and motor-vehicle exposure | Maintenance and weather resilience,Crossings and motor-vehicle exposure | Maintenance and weather resilience,Suggested,Automated provisional suggestion; read in context before accepting.
bde9d6b01ef57560d878,718,safety_comments,"My biggest safety concern is non-students accosting or mugging me, but this is is very unlikely so I don't think about it often",Student,,,Suggested,Automated provisional suggestion; read in context before accepting.
f8bb3947dd87cffc74a5,719,network_comments,"Indoor bike parking at dorms is absolutely necessary, theft is very common. This is one of the reasons I'm moving out of uni. housing.",Student,Protected and connected cycling,Protected and connected cycling,AI reviewed,Theft and need for indoor bike storage.
fc87c48c42b503841fb9,720,safety_comments,There's too much high speed car traffic on campus. There are too many parking lots on campus including the commuter parking lots. Most people living in town should be biking to campus. People commuting to campus from out of town should park at Willard airport and take a shuttle bus to campus. Campus should be car-free.,Staff,Transit reach and hours | Parking access and affordability,Transit reach and hours | Parking access and affordability,Suggested,Automated provisional suggestion; read in context before accepting.
407d0cb59c7040c4a2ae,720,network_comments,"Way too many people are driving to/from campus so the campus transit network is completely inadequate. All the cars make it extremely dangerous to walk/bike to campus which encourages more people to drive instead. Although it's nice that we have a Campus Bike Master Plan, it isn't integrated with a master plan for Champaign-Urbana-Savoy and we have to navigate through their inadequate infrastructure to get to/from campus. We need a comprehensive plan. We should build a safe multiuse bike path along the rail tracks that is completely separated from car infrastructure. Campus already owns the property and putting in a multiuse trail could help build community support for expanding the multiuse trail network across the rest of our community. Champaign-Urbana-Savoy desperately needs a dedicated multiuse trail network that is separate from car infrastructure.",Staff,Protected and connected cycling | Micromobility conflicts | Maintenance and weather resilience,Protected and connected cycling | Micromobility conflicts | Maintenance and weather resilience,Suggested,Automated provisional suggestion; read in context before accepting.
61a57b765e23e833e8f2,721,safety_comments,Intersections near campus example on Lincoln Avenue,Staff,,,Suggested,Automated provisional suggestion; read in context before accepting.
00bc4d66b3ced91e2ea4,721,network_comments,"More bike parking, more bike lanes, safer pedestrian crosswalks with stop bars on and near campus",Staff,Protected and connected cycling | Crossings and motor-vehicle exposure | Micromobility conflicts | Parking access and affordability,Protected and connected cycling | Crossings and motor-vehicle exposure | Micromobility conflicts | Parking access and affordability,Suggested,Automated provisional suggestion; read in context before accepting.
c0ab3027474e37c20cb8,722,network_comments,It's pretty good,Student,,,Suggested,Automated provisional suggestion; read in context before accepting.
f44ebc5b163e3ab23125,724,safety_comments,My only concerns are where bike lanes cross heavy pedestrian areas and people don’t pay attention,Staff,Protected and connected cycling | Road-user conduct and enforcement | Micromobility conflicts,Protected and connected cycling | Road-user conduct and enforcement | Micromobility conflicts,Suggested,Automated provisional suggestion; read in context before accepting.
c4c4f5ed22fd2fc53ed1,724,network_comments,It’s fine,Staff,,,Suggested,Automated provisional suggestion; read in context before accepting.
872f24f6e00028e168cf,726,safety_comments,Green Street traffic is really rough at the end of the work day. This frequently delays buses and keeps everyone moving slow. A lot of tension in that part of campus at those times. I'd feel safer if there was less car traffic.,Faculty,Transit operations,Transit operations,Suggested,Automated provisional suggestion; read in context before accepting.
be6a52affe8651ac0f9d,727,network_comments,"Parking needs to be better monitored, those of us who pay for permits encounter issues finding spaces in our lots due to athletes and students parking anywhere they like.",Staff,Parking access and affordability,Parking access and affordability,Suggested,Automated provisional suggestion; read in context before accepting.
6e5db5c09f49e55b8cb2,728,safety_comments,"Need to teach students rules of road, not to walk out in front of moving vehicles, get off there phones, use available sidewalks and other pathways for pedestrians and not walk in middle of street. Police need to start ticketing pedestrians and bicyclist, skate boarders violators that violate laws.",Staff,Road-user conduct and enforcement | Maintenance and weather resilience,Road-user conduct and enforcement | Maintenance and weather resilience,Suggested,Automated provisional suggestion; read in context before accepting.
b883800a13a0d7c01c39,731,network_comments,"Very robust overall but when the bus systems ETA is very inconsistent or there are large gaps between arrival times (mainly the teal), it is very disappointing and stressful, buses also get extremely packed during bad weather, more buses and drivers would solve both these issues.",Student,Transit operations | Maintenance and weather resilience,Transit operations | Maintenance and weather resilience,Suggested,Automated provisional suggestion; read in context before accepting.
8cfda4589f36966cb970,733,network_comments,More streets with low traffic counts and separated bike lanes,Other / multiple roles,Protected and connected cycling,Protected and connected cycling,Suggested,Automated provisional suggestion; read in context before accepting.
59707e78660282c4768a,734,safety_comments,traffic not respecting bike lanes. could be improved with better signage and dividers,Student,Protected and connected cycling | Information and wayfinding,Protected and connected cycling | Information and wayfinding,Suggested,Automated provisional suggestion; read in context before accepting.
a5cd05aa93abb0955ddb,737,network_comments,"I think it is very impressive, but slightly more frequent buses off-campus would make it easier to connect with the community. Sometimes I am stuck somewhere for an hour because the next bus doesn't come for that long and it makes it very difficult.",Student,Transit operations | Transit reach and hours,Transit operations | Transit reach and hours,Suggested,Automated provisional suggestion; read in context before accepting.
97de51a5babd0fbcccd8,738,safety_comments,The crazy intersection at 6th and John is an accident waiting to happen. Let people go left out of that parking garage. The bottleneck is dangerous and the pedestrians do not respect the lights. Otherwise I feel safe.,Staff,Parking access and affordability,Parking access and affordability,Suggested,Automated provisional suggestion; read in context before accepting.
077b20e3a5364bb94397,738,network_comments,"Overall, great. Strong bus service, easy to get around via bike. Too many awkward attempts to discourage cars so you end up with one-way streets that don't make sense. Would like to see more enforcement and ticketing of pedestrian and cyclists going the wrong way streets, as that is very dangerous to drivers. Otherwise it's positive.",Staff,Road-user conduct and enforcement | Maintenance and weather resilience,Road-user conduct and enforcement | Maintenance and weather resilience,Suggested,Automated provisional suggestion; read in context before accepting.
2fe440150261533849f8,739,safety_comments,I wish there were more bike paths and that pedestrians would be more careful/aware when stepping out into the street or onto a bike path,Faculty,Protected and connected cycling | Micromobility conflicts,Protected and connected cycling | Micromobility conflicts,Suggested,Automated provisional suggestion; read in context before accepting.
022674e56e60d6ec1151,739,network_comments,I do wish there were a bus that went from south Urbana to downtown Urbana directly,Faculty,Transit reach and hours,Transit reach and hours,Suggested,Automated provisional suggestion; read in context before accepting.
22438a88660644108d16,740,safety_comments,Uneven pavement: pedestrian and bike paths. Bike path signs for where the paths take you,Student,Protected and connected cycling | Maintenance and weather resilience | Information and wayfinding,Protected and connected cycling | Maintenance and weather resilience | Information and wayfinding,Suggested,Automated provisional suggestion; read in context before accepting.
1e13c00c10c4bf267b8a,740,network_comments,Maintenance of the uneven pavement: both pedestrian sidewalks and bike path. Labeled bike path signs so you know where the paths lead and where you’re going. Actually consistent bus times.,Student,Protected and connected cycling | Maintenance and weather resilience | Information and wayfinding,Protected and connected cycling | Maintenance and weather resilience | Information and wayfinding,Suggested,Automated provisional suggestion; read in context before accepting.
26c8971ad8355dfbc8ea,742,safety_comments,There are no clear bike paths.,Staff,Protected and connected cycling,Protected and connected cycling,Suggested,Automated provisional suggestion; read in context before accepting.
4d5da39591e15375ef56,742,network_comments,Fix the potholes and uneven pavements.,Staff,Maintenance and weather resilience,Maintenance and weather resilience,Suggested,Automated provisional suggestion; read in context before accepting.
c3b19cf546715f90cafe,743,safety_comments,"The question you are asking are subjective to make your survey answer what you want. The pedestrian crosswalk signage with the little stop sign are highly dangerous. 1) the student don't look up because they know your supposed to stop. 2) people from not around here stop at every single one. 3)The people that do know they don't have to stop at them if no one is present get extremely frustrated at everyone else stopping at them and then they race thru them when the get a chance pedestrians or not. If you want to make campus safer for pedestrians and bicyclist have the cops start writing tickets for pedestrians jay walking, bicyclist, scooters, and skateboards not obeying the rules of the road. just waling in to my building this morning I seen 4 people on bikes blow thru stop signs in front of buses. Now for handicap individuals. And this is a personal one as a parent of a kid that has to use a wheelchair at times clear the full width of a sidewalk and the BSWs shovel a 4 foot wide path to the buildings. one shovel width aint enough for traffic or if the snow is blowing. Thank You.",Staff,Crossings and motor-vehicle exposure | Road-user conduct and enforcement | Micromobility conflicts | Maintenance and weather resilience | Accessibility and usable routes | Car-dependent responsibilities | Information and wayfinding,Crossings and motor-vehicle exposure | Road-user conduct and enforcement | Micromobility conflicts | Maintenance and weather resilience | Accessibility and usable routes | Car-dependent responsibilities | Information and wayfinding,Suggested,Automated provisional suggestion; read in context before accepting.
78c923222d665b139da5,743,network_comments,If the suggestions I put in the previous questions are implemented it would make it alot better for both. You can contact me if need be zdavis@illinois.edu. Thank You,Staff,,,Suggested,Automated provisional suggestion; read in context before accepting.
94d18cc1d6cfde1a5a8d,744,safety_comments,I don't have any aside from traffic,Staff,,,Suggested,Automated provisional suggestion; read in context before accepting.
ad5457bbff958d62090f,744,network_comments,"I believe it is great, but sadly not conducive to my job. I often need to transport items across campus etc.",Staff,Car-dependent responsibilities,Car-dependent responsibilities,Suggested,Automated provisional suggestion; read in context before accepting.
36c814c8a9d86233f6ac,745,safety_comments,Better maintenance of streets and sidewalks,Staff,Maintenance and weather resilience,Maintenance and weather resilience,Suggested,Automated provisional suggestion; read in context before accepting.
0d4e8427089c007de7ed,745,network_comments,"In general, I feel getting around campus is fairly good. The biggest problem is parking, and a lack thereof.",Staff,,,Suggested,Automated provisional suggestion; read in context before accepting.
7a10fc36bd1b4533e682,747,safety_comments,"Bike riders do not follow the law (running stop signs, running stop lights, cutting in and out of traffic) and are very dangerous.",Staff,Road-user conduct and enforcement,Road-user conduct and enforcement,Suggested,Automated provisional suggestion; read in context before accepting.
ab308b1b06a3a8f4691d,747,network_comments,Very good,Staff,,,Suggested,Automated provisional suggestion; read in context before accepting.
80548d13bc88223d60c8,748,safety_comments,Occasional poor sidewalks (holes),Student,,,Suggested,Automated provisional suggestion; read in context before accepting.
7608f6addd1ad5783335,748,network_comments,"It’s really a great system, not many improvements to be made in my opinion",Student,,,Suggested,Automated provisional suggestion; read in context before accepting.
d12912dfe6972ff0098f,750,network_comments,"Overall, the campus transportation network is good, and I regularly use MTD buses. I have noticed some inconsistencies in bus schedules—sometimes they arrive earlier than expected, causing me to miss my ride, and other times they are delayed. When a bus arrives early and does not stop (say, I am 10-20ft away from the bus stop), I am often left with no choice but to take an Uber, which is neither economical nor environmentally friendly, but necessary for getting to work on time. Additionally, I have concerns about pedestrian safety, as some drivers do not stop at crosswalks even when pedestrians are already crossing. Personally, it makes walking feel unsafe at times. I’m not sure if this is something the Campus Transportation Demand Management department can address, but I still wanted to take the chance to put it out there.",Staff,Transit operations | Crossings and motor-vehicle exposure | Maintenance and weather resilience | Car-dependent responsibilities,Transit operations | Crossings and motor-vehicle exposure | Maintenance and weather resilience | Car-dependent responsibilities,Suggested,Automated provisional suggestion; read in context before accepting.
0e0a3d48447fd27cae08,751,safety_comments,poor road conditions on and off campus; fix the roads,Staff,,,Suggested,Automated provisional suggestion; read in context before accepting.
41291dca476383234b4a,751,network_comments,"Overall, I think the campus does a fairly good job of the transportation network. Fixing the roads would be good for vehicles and bicycles.",Staff,Maintenance and weather resilience,Maintenance and weather resilience,Suggested,Automated provisional suggestion; read in context before accepting.
7f0427b2dffb99be61ca,753,network_comments,i love the bus system!,Student,,,Suggested,Automated provisional suggestion; read in context before accepting.
6cd2515007d424b18508,754,network_comments,More remote/long distance group travel options,Staff,Car-dependent responsibilities,Car-dependent responsibilities,Suggested,Automated provisional suggestion; read in context before accepting.
da09e4752bdf28ca8137,755,safety_comments,Protected or more established bike routes,Staff,Protected and connected cycling,Protected and connected cycling,Suggested,Automated provisional suggestion; read in context before accepting.
0e39a353fec0fe423235,755,network_comments,"Overall it is outstanding (especially compared to other campuses - e.g. Boise State - beautiful campus, lousy public transportation)",Staff,,,Suggested,Automated provisional suggestion; read in context before accepting.
7ac4e5f471758e219cdf,757,safety_comments,"Biggest concern is when walking on campus at night and the amount of homeless that take up space on the campus. Some of them are very mentally ill and they harass walkers-by, especially students.",Staff,Lighting and personal security,Lighting and personal security,Suggested,Automated provisional suggestion; read in context before accepting.
261166df0e9f26f0cebe,757,network_comments,Really fine as is. Just need to get rid of the homeless.,Staff,,,Suggested,Automated provisional suggestion; read in context before accepting.
637cbb3c617aea92530d,758,safety_comments,"During the winter, when it's dark by the time I leave the office at 5:00, more lighting would help me feel safer.",Staff,Lighting and personal security | Maintenance and weather resilience,Lighting and personal security | Maintenance and weather resilience,Suggested,Automated provisional suggestion; read in context before accepting.
5e5a31e3559bf7d45d50,758,network_comments,Cheaper parking permits and renewal every year,Staff,Parking access and affordability,Parking access and affordability,Suggested,Automated provisional suggestion; read in context before accepting.
0c0a9063911e86602366,759,safety_comments,"I often feel threatened by individual drivers. Just yesterday afternoon, I was biking 18mph on Pennsylvania just north of the cemetery, in a section with sharrows. A driver did a multiple second honk, and then dangerously passed me and I had to swerve and brake hard as they cut me off at the stop sign. I've mentioned some things I think would help in previous pages. I've def noticed that many drivers feel entitled to using any space, and some get quite engaged when they are inconvenienced in any way by some outside of a car. I've been in CU for 12 years now, and I am thoroughly impressed by the positive changes uiuc has made to its campus to support active transportation. I feel more safe biking and walking most places on campus than I do off campus. Still, I think more progress can be made. Drastic changes, like closing off more streets to ""unauthorized vehicles"" and reducing speed limits, would improve the overall function of our campus.",Student,Crossings and motor-vehicle exposure | Road-user conduct and enforcement | Parking access and affordability,Crossings and motor-vehicle exposure | Road-user conduct and enforcement | Parking access and affordability,Suggested,Automated provisional suggestion; read in context before accepting.
ed413511fc65bfd1359b,759,network_comments,See previous answer :),Student,,,Suggested,Automated provisional suggestion; read in context before accepting.
4003eff00a82b0a175f3,760,safety_comments,Student pedestrian education.,Staff,Road-user conduct and enforcement,Road-user conduct and enforcement,Suggested,Automated provisional suggestion; read in context before accepting.
fb2e282463f5f12ca47d,760,network_comments,More parking,Staff,Parking access and affordability,Parking access and affordability,Suggested,Automated provisional suggestion; read in context before accepting.
1d152ff9a2075b7d09e1,763,safety_comments,"Students not paying attention to where they're going because they're glued to their cell phone, and crazy people on bicycles and skateboards who assume every pedestrian will get out of their way.",Faculty,Road-user conduct and enforcement | Micromobility conflicts | Maintenance and weather resilience,Road-user conduct and enforcement | Micromobility conflicts | Maintenance and weather resilience,Suggested,Automated provisional suggestion; read in context before accepting.
97af4a8268dc632f9360,763,network_comments,"Anything but driving to campus is not an option for me, and the cost of parking needs to go down. This is the first job where I've needed to pay for parking in an almost 40 year career.",Faculty,Parking access and affordability,Parking access and affordability,Suggested,Automated provisional suggestion; read in context before accepting.
f7d35c3aabe7cef121e3,764,network_comments,I think the transportation by bus is comparable to what I've seen in other places I live. I would like the bus route I use to run longer into the evening but I do see that not many riders need this same thing in my area so I don't see it happening.,Staff,Transit reach and hours,Transit reach and hours,Suggested,Automated provisional suggestion; read in context before accepting.
61d632db15a146be2597,765,safety_comments,Lack of separated bike lines,Student,Protected and connected cycling,Protected and connected cycling,Suggested,Automated provisional suggestion; read in context before accepting.
a63eeaf880279e67d405,765,network_comments,It would be nice to have better covered bike parking options,Student,Protected and connected cycling | Maintenance and weather resilience | Parking access and affordability,Protected and connected cycling | Maintenance and weather resilience | Parking access and affordability,Suggested,Automated provisional suggestion; read in context before accepting.
8050d6281e4fdf72a097,766,safety_comments,So many crazy drivers surrounding campus. The bus drivers are awesome and respectful to cyclists in my experience because they always pay attention and drive safely. There are just so many students who are completely reckless behind the wheel.,Student,Road-user conduct and enforcement,Road-user conduct and enforcement,Suggested,Automated provisional suggestion; read in context before accepting.
d26f0d581f42fa052ec5,766,network_comments,"Adding more and more bike lanes is cool, but what about reducing the car volume instead, and just make the streets safer for bikes. I would once again love to see a crack-down on the reckless student drivers especially in frat park area. It wont take long-I see almost one incident per night in a 5 minute walk. Word of mouth will spread quickly that those behaviors are unacceptable. Or a system for other students to report reckless drivers.",Student,Protected and connected cycling | Road-user conduct and enforcement | Micromobility conflicts | Lighting and personal security | Maintenance and weather resilience,Protected and connected cycling | Road-user conduct and enforcement | Micromobility conflicts | Lighting and personal security | Maintenance and weather resilience,Suggested,Automated provisional suggestion; read in context before accepting.
42286201085ee2e9a929,767,safety_comments,"1) At night, the south campus is a ghost town. It feels unsafe. It might be fine. 2) Lincoln Avenue is incredibly dangerous. Investment in this road as a complete street with mode priorities for people and bikes is essential.",Faculty,Lighting and personal security,Lighting and personal security,Suggested,Automated provisional suggestion; read in context before accepting.
a1134ace1c8551821205,767,network_comments,"The transportation network is fine but the transportation environment is average at this campus compared to other campuses. For example, if there were more cafes or coffee shops in the south campus, I think the population would improve there, increasing eyes on the street and general safety in this part of campus. IOW, safety is a wholistic campus design issue, it's not just about wider sidewalks, etc, the placemaking has to also be part of the design approach. - - Thank you for holding this survey.",Faculty,,,Suggested,Automated provisional suggestion; read in context before accepting.
b6155ea79373643e9e4d,768,safety_comments,Poorly maintained infrastructure and dangerous road crossings.,Staff,Crossings and motor-vehicle exposure | Maintenance and weather resilience,Crossings and motor-vehicle exposure | Maintenance and weather resilience,Suggested,Automated provisional suggestion; read in context before accepting.
0c0b65547618580a643f,769,network_comments,"fix potholes in parking lots, streets and sidewalks",Staff,Maintenance and weather resilience | Parking access and affordability,Maintenance and weather resilience | Parking access and affordability,Suggested,Automated provisional suggestion; read in context before accepting.
f219772fd747ef4caade,770,safety_comments,Cars on campus or in campus town. I'm always worried I'm going to get hit on the corner of Green and 5th,Student,Crossings and motor-vehicle exposure,Crossings and motor-vehicle exposure,Suggested,Automated provisional suggestion; read in context before accepting.
222c7b73c8c12454fd2e,771,network_comments,Its very good,Staff,,,Suggested,Automated provisional suggestion; read in context before accepting.
9d69c134f91befc68fa2,772,safety_comments,Cars are not looking for bikes especially on Green street,Student,,,Suggested,Automated provisional suggestion; read in context before accepting.
3fa152d3c9dbbd4f7964,772,network_comments,"Infrastructure for bikes specifically would be nice, it really only exists in very limited areas of campus",Student,Maintenance and weather resilience,Maintenance and weather resilience,Suggested,Automated provisional suggestion; read in context before accepting.
64a31bb106b4ac692134,773,safety_comments,"Speeding drivers, unprotected bike lanes (this has improved in recent years), damaged roads and paths that increase risk of incidents. Repairing roads and providing infrastructure that protects bike paths would significantly help. Both Lincoln and Springfield Ave are good examples of a lack of infrastructure and damaged roads and are good candidates for improvement. Closing off roads to through-traffic, (except maintenance vehicles and maybe buses) would also help make campus safer. Candidates include portions of 6th, Armory, Matthews, Gregory. More trees next to roads would also help. It has been demonstrated that things like trees making a road feel crowded make drivers feel like it is riskier which results in them slowing down. This would also have added climate benefits since unshaded pavement absorbs a lot of solar energy and contributes to warming the planet (plus the obvious: more trees = more carbon capture). Smaller fleet vehicles where possible would also help. Vehicles are getting larger and deadlier, and much of the time, the additional size is not needed. Tradespeople are the most likely to need some larger vehicles, but many of the University vehicles do not need to be as big as they are. In fact, I believe we could (and should) be using more UTVs and golf carts on campus in place of cars and trucks. Once again, this would help fight climate change. Campus is pretty well lighted, but there are locations where lighting would help improve safety, both from a visibility aspect and an anti-crime aspect. Continuing to use warmer-colored lights outside would help to mitigate the light pollution from the additional lights.",Staff,Transit operations | Transit reach and hours | Protected and connected cycling | Crossings and motor-vehicle exposure | Road-user conduct and enforcement | Lighting and personal security | Maintenance and weather resilience,Transit operations | Transit reach and hours | Protected and connected cycling | Crossings and motor-vehicle exposure | Road-user conduct and enforcement | Lighting and personal security | Maintenance and weather resilience,Suggested,Automated provisional suggestion; read in context before accepting.
eb240623770aa91dd77c,773,network_comments,I think it's headed in the right direction but could use a lot of improvements still. I think making campus infrastructure human-centered rather than car-centered is the best way forward. My last comment covers most of my thoughts.,Staff,,,Suggested,Automated provisional suggestion; read in context before accepting.
0c687b16eaa440cdf55b,774,safety_comments,cars and delivery services,Faculty,,,Suggested,Automated provisional suggestion; read in context before accepting.
2ac504fcad71821f2cf2,774,network_comments,Bike and pedestrian friendly,Faculty,,,Suggested,Automated provisional suggestion; read in context before accepting.
cda6b0694578d0905fb6,776,safety_comments,Theft or assault. Increased visibility makes me feel less vulnerable.,Staff,Lighting and personal security,Lighting and personal security,Suggested,Automated provisional suggestion; read in context before accepting.
8bf0bcedb4a84d8ea757,776,network_comments,"I think our campus is wonderful for walking. I walked as a student 15+ years ago and I walk on my lunch breaks now. It's beautiful and there is at least one shady path I can enjoy on hot, sunny days. I also think there are plenty of bus routes available. If anything, the issue lies with transportation *to* campus and not on it.",Staff,Transit reach and hours,,AI reviewed,"Positive walking and bus account locates the issue at getting to campus, without a specific mode issue to code."
75016baa870950f467fa,777,network_comments,"Safety education. Bicyclists and pedestrians are a menace. They do not follow the rules of the road or the law and make traversing the campus very difficult. The 4 cross walks are AWFUL, they teach students a behavior that is dangerous at non-approved intersections and reduce everyone's safety.",Staff,Crossings and motor-vehicle exposure | Road-user conduct and enforcement | Maintenance and weather resilience,Crossings and motor-vehicle exposure | Road-user conduct and enforcement | Maintenance and weather resilience,Suggested,Automated provisional suggestion; read in context before accepting.
31debb8e0f20ae078691,779,safety_comments,"students with their phone screens, head phones, sweatshirt hoods up, it narrows the visibility of who ever is wearing a hood over their head",Staff,,,Suggested,Automated provisional suggestion; read in context before accepting.
a35211a65e71d9eebf06,779,network_comments,"it has lawsy work great for me as it is, but i don't commune as much since i am on the south west side of U of I",Staff,,,Suggested,Automated provisional suggestion; read in context before accepting.
0bc0df03cdb8e002f87d,780,safety_comments,"My biggest concerns involve the lack of options for traveling around campus. At times, the buses are infrequent and do not travel to my intended destination. The bus schedules are often inaccurate and the buses frequently arrive late. These issues can be resolved by adding dedicated bus lanes along busy streets, which allows. Furthermore, new bus routes can be added to expand the range of locations that can be traveled to by bus. Bus frequency can also be improved. Several sidewalks are degraded and in need of replacement. Several streets such as Goodwin and Lincoln are often congested and in need of repair. These streets can be rebuilt with pedestrian-friendly amenities such as protected bike lanes, visible crosswalks, and dedicated bus lanes and stops. Apart from Green Street and Wright Street, there are no protected bike lanes along major roads, and owning a bike on campus poses the risk of theft and weathering on the bike due to the lack of protected bike shelters and garages. Indoor bike garages and protected bike lanes can be built to encourage the use of bicycles on campus and reduce the associated risks. Finally, there are almost no options for students to be safely driven home in the event of an emergency or when outside conditions are too unsafe to travel home alone, such as severe thunderstorms or extreme temperatures. MTD Connect's safe ride program is unreliable and infrequent, as students may have to wait up to 45 minutes for an MTD connect bus to pick them up. This unreliability can be dangerous if a student needs to travel home immediately in the event of an emergency and it is too unsafe outside to walk. To resolve this issue, a University-operated Safe Rides system should be re-established to provide reliable carpool services for students sp that they can safely be driven home in the event of an emergency.",Student,Transit operations | Transit reach and hours | Protected and connected cycling | Crossings and motor-vehicle exposure | Micromobility conflicts | Lighting and personal security | Maintenance and weather resilience,Transit operations | Transit reach and hours | Protected and connected cycling | Crossings and motor-vehicle exposure | Micromobility conflicts | Lighting and personal security | Maintenance and weather resilience,Suggested,Automated provisional suggestion; read in context before accepting.
e215ffbac112efe575a4,780,network_comments,"My biggest concerns involve the lack of options for traveling around campus. At times, the buses are infrequent and do not travel to my intended destination. The bus schedules are often inaccurate and the buses frequently arrive late. These issues can be resolved by adding dedicated bus lanes along busy streets, which allows. Furthermore, new bus routes can be added to expand the range of locations that can be traveled to by bus. Bus frequency can also be improved. Several sidewalks are degraded and in need of replacement. Several streets such as Goodwin and Lincoln are often congested and in need of repair. These streets can be rebuilt with pedestrian-friendly amenities such as protected bike lanes, visible crosswalks, and dedicated bus lanes and stops. Apart from Green Street and Wright Street, there are no protected bike lanes along major roads, and owning a bike on campus poses the risk of theft and weathering on the bike due to the lack of protected bike shelters and garages. Indoor bike garages and protected bike lanes can be built to encourage the use of bicycles on campus and reduce the associated risks. Finally, there are almost no options for students to be safely driven home in the event of an emergency or when outside conditions are too unsafe to travel home alone, such as severe thunderstorms or extreme temperatures. MTD Connect's safe ride program is unreliable and infrequent, as students may have to wait up to 45 minutes for an MTD connect bus to pick them up. This unreliability can be dangerous if a student needs to travel home immediately in the event of an emergency and it is too unsafe outside to walk. To resolve this issue, a University-operated Safe Rides system should be re-established to provide reliable carpool services for students so that they can safely be driven home in the event of an emergency. Overall, the transportation system on campus is in need of improvement. Streets and sidewalks should be repaired or rebuilt, streets should be designed to accommodate for buses and bicycles by adding protective or dedicated lanes for each mode of transportation, indoor bike garages should be built to reduce the risks of owning a bike on campus, and a University safe ride service should be implemented to ensure students are driven home safely.",Student,Transit operations | Transit reach and hours | Protected and connected cycling | Crossings and motor-vehicle exposure | Micromobility conflicts | Lighting and personal security | Maintenance and weather resilience,Transit operations | Transit reach and hours | Protected and connected cycling | Crossings and motor-vehicle exposure | Micromobility conflicts | Lighting and personal security | Maintenance and weather resilience,Suggested,Automated provisional suggestion; read in context before accepting.
75be78a14beb832b725b,781,safety_comments,Verse diverse community upon our campus and all driving is not taught the same.,Staff,,,Suggested,Automated provisional suggestion; read in context before accepting.
2a5d0d5f4d6eb9fa2a8a,781,network_comments,nothing at this time,Staff,,,Suggested,Automated provisional suggestion; read in context before accepting.
98d0895670a5cff73a2e,783,safety_comments,"When cycling, the car traffic can be dangerous, especially after football games.",Staff,,,Suggested,Automated provisional suggestion; read in context before accepting.
4e33b28cfa3ffea1cb66,783,network_comments,"Campus transportation seems good. No major overhauls are recommended. I would note that the discussions to narrow Prospect Avenue to add bike paths is a terrible idea. It is a major north-south car route and it will severely inconvenience a large number of people to improve things for a relatively few people. I know that is outside the scope of campus transportation, but the same principles apply: don't make big changes that adversely affect a large number of people to help out a small number of people.",Staff,Protected and connected cycling,Protected and connected cycling,Suggested,Automated provisional suggestion; read in context before accepting.
73b1a48ab16ea9ad710d,785,network_comments,Too many one-way streets and bus only streets around campus town that make it difficult to navigate. And Green Street is a congested mess with people always stopping in the street for quick trips inside stores. Makes me wonder what a foot traffic only pattern along the main portion of Green Street could look like for safety and overall campus town atmosphere.,Staff,Transit operations,Transit operations,Suggested,Automated provisional suggestion; read in context before accepting.
33357633a8315435cc83,786,safety_comments,"I've been riding my bike to campus for 3-plus decades. Doing so is increasingly challenging because students seem oblivious to the fact that a bicycle might be coming by as they step into a bike path or into the street. They rarely look both ways. They often have headphones in their ears. I take 100% of the responsibility for their safety. Which, of course, I didn't have to do in the past. I'd appreciate it if the students would practice sensible pedestrian practices when walking on campus especially around bike paths and when crossing the street. (Gosh, I sound like a crotchety old codger. Sorry about that.)",Faculty,Protected and connected cycling | Crossings and motor-vehicle exposure | Road-user conduct and enforcement | Maintenance and weather resilience,Protected and connected cycling | Crossings and motor-vehicle exposure | Road-user conduct and enforcement | Maintenance and weather resilience,Suggested,Automated provisional suggestion; read in context before accepting.
67b11d11cafe98dc4d64,786,network_comments,Please continue to make improvements to the maintenance and design of the bike paths.,Faculty,Protected and connected cycling | Maintenance and weather resilience,Protected and connected cycling | Maintenance and weather resilience,Suggested,Automated provisional suggestion; read in context before accepting.
6cdc37cf5ae9773851b9,788,safety_comments,lighting in some areas can be improved--this becomes important in the fall when it gets dark early and some of us are still walking from meetings,Staff,Lighting and personal security,Lighting and personal security,Suggested,Automated provisional suggestion; read in context before accepting.
753eb5a3d8efea9d1c57,788,network_comments,there is some uneven pavement that creates slip/fall hazards or difficulties for those in wheelchairs--ongoing maintenance is necessary,Staff,Maintenance and weather resilience | Accessibility and usable routes,Maintenance and weather resilience | Accessibility and usable routes,AI reviewed,"Uneven pavement, falls, and wheelchair access."
f165c6e7b477d9eff43f,790,safety_comments,"Ice on the sidewalks. It has not been a major issue, but occasionally the ice is really bad, and I have a disability that disrupts my balance so it makes me very nervous to walk when it is below freezing",Student,Maintenance and weather resilience | Accessibility and usable routes,Maintenance and weather resilience | Accessibility and usable routes,Suggested,Automated provisional suggestion; read in context before accepting.
d9a4b8f4743c0d9fe126,790,network_comments,"I actually really like it. Most of the concerns I have are not really things that could be improved, but on campus transportation is generally excellent.",Student,,,Suggested,Automated provisional suggestion; read in context before accepting.
ce0556247938ff12004d,794,network_comments,It has been pretty good. Everything flows very nicely. I have noticed some traffic lights on University that are irregally timed when going North to South. Other than those wait times. No changes.,Staff,,,Suggested,Automated provisional suggestion; read in context before accepting.
5541b25df44efd029570,795,safety_comments,Traffic flow. Bicycles and scooters going against the flow of traffic on roads with automobiles. Lack of shared understanding for flow of various transportation modality.,Staff,Maintenance and weather resilience,Maintenance and weather resilience,Suggested,Automated provisional suggestion; read in context before accepting.
9016e411102f91dd79e4,795,network_comments,I have been on campus for almost twenty years and deeply involved with transportation conversations. I have never heard the words campus transportation network until today while taking this survey.,Staff,,,Suggested,Automated provisional suggestion; read in context before accepting.
e43ef76c86e1b2bede5b,798,network_comments,Safety and cleanliness,Student,,,Suggested,Automated provisional suggestion; read in context before accepting.
2e8e2c5ec0cf320b2c98,799,network_comments,Feels like campus is not willing to expand on its 1960's build out of a bike network.,Other / multiple roles,Protected and connected cycling,Protected and connected cycling,Suggested,Automated provisional suggestion; read in context before accepting.
21fdff595a5b797a6164,800,safety_comments,Busses stop and go randomly without adequately signaling what they're doing. Bus stops should not be at or near stop signs and should not use the bike lane.,Staff,Protected and connected cycling | Road-user conduct and enforcement,Protected and connected cycling | Road-user conduct and enforcement,Suggested,Automated provisional suggestion; read in context before accepting.
ba2f3d476f2be5534398,803,safety_comments,Pedestrians in non-designated crosswalks.,Faculty,Crossings and motor-vehicle exposure,Crossings and motor-vehicle exposure,Suggested,Automated provisional suggestion; read in context before accepting.
c67387445004c0a1d4f9,803,network_comments,Good.,Faculty,,,Suggested,Automated provisional suggestion; read in context before accepting.
c6ece49385ea9763555f,807,safety_comments,"Students, cars, and other cyclists do not know how to treat bicycle riders (even when they are following the rules of the road). Cars are the most unsafe because of the damage they can do, and education has not shown to be effective. Personal vehicles should be banned from campus.",Staff,Road-user conduct and enforcement | Maintenance and weather resilience,Road-user conduct and enforcement | Maintenance and weather resilience,Suggested,Automated provisional suggestion; read in context before accepting.
0695589b85da5fa6f6ba,807,network_comments,"Bicycle infrastructure is not maintained, but the biggest impediment to riding is the danger from car drivers.",Staff,Protected and connected cycling | Maintenance and weather resilience,Protected and connected cycling | Maintenance and weather resilience,Suggested,Automated provisional suggestion; read in context before accepting.
4ec7c811a71f9b739427,808,network_comments,"very good, i love having so many options. pedestrian/bike only sections of roads could be cool",Student,,,Suggested,Automated provisional suggestion; read in context before accepting.
a4df45ba7158ab30623a,810,safety_comments,"I don't have any concerns, thank you!",Student,,,Suggested,Automated provisional suggestion; read in context before accepting.
51f8c8beb853ba932f65,810,network_comments,I think the MTD is good operating,Student,,,Suggested,Automated provisional suggestion; read in context before accepting.
13537fb538a3061dd70e,813,safety_comments,"Increased predictability of pedestrians at the rare places where vehicles cross their path, such as the Springfield Ave./Grainger Library crosswalk. I know pedestrians are not required to use the pushbutton, but some people push the button, some don't, some wait for cars to stop, and some don't.",Other / multiple roles,Crossings and motor-vehicle exposure | Maintenance and weather resilience,Crossings and motor-vehicle exposure | Maintenance and weather resilience,Suggested,Automated provisional suggestion; read in context before accepting.
92f95bcbb6a4cfcc3398,813,network_comments,"Having lived here as a student and community member for many years, I think the campus transportation network has improved significantly over time, with reconstructed sidewalks, consistent crosswalk striping, new bike lanes, new street lighting, improved bus shelters, fewer vehicle lanes, and slower vehicle speeds. I would love to see installation of consistent pedestrian and/or bicycle wayfinding signage that extends out to the Cities of Champaign and Urbana.",Other / multiple roles,Transit reach and hours | Protected and connected cycling | Crossings and motor-vehicle exposure | Lighting and personal security | Maintenance and weather resilience | Information and wayfinding,Transit reach and hours | Protected and connected cycling | Crossings and motor-vehicle exposure | Lighting and personal security | Maintenance and weather resilience | Information and wayfinding,Suggested,Automated provisional suggestion; read in context before accepting.
2a2593cbefd56745b12d,814,safety_comments,The biggest safety concern are the students that ride e-bikes and scooters do not follow the rules of the road at all. Most will zoom in and out of traffic and do not follow stops signs or right of way. I've almost had a accident multiple times because a student comes out of nowhere across road or even on the sidewalks when walking.,Staff,Crossings and motor-vehicle exposure | Road-user conduct and enforcement | Micromobility conflicts,Crossings and motor-vehicle exposure | Road-user conduct and enforcement | Micromobility conflicts,Suggested,Automated provisional suggestion; read in context before accepting.
8c8a43b629ce3f71ce63,814,network_comments,"Driving on Campus for work details has become a issue. Students don't watch where they are going, always looking at phones with eyes down. None follow signs for crossing street, and will walk out right in front of you. Green Street Bike lanes are not parking spots for Uber and Grubhub drivers. This really need addressed by UIPD and CPD.",Staff,Protected and connected cycling | Crossings and motor-vehicle exposure | Parking access and affordability | Car-dependent responsibilities,Protected and connected cycling | Crossings and motor-vehicle exposure | Parking access and affordability | Car-dependent responsibilities,Suggested,Automated provisional suggestion; read in context before accepting.
25dda59c34b9ab666c59,815,safety_comments,"Homeless people, I would feel safer if they were removed. I am also concerned by idiotic cyclists who don’t alert pedestrians of what they’re doing and going too fast on sidewalks, bicycles should also be banned from campus",Student,Maintenance and weather resilience,Maintenance and weather resilience,Suggested,Automated provisional suggestion; read in context before accepting.
c7b95ec19f44c4fb2b47,815,network_comments,"Getting around campus can be a chore, sure it’s good exercise but it’s tiring to walk around half of the university to get where you need to be",Student,,,Suggested,Automated provisional suggestion; read in context before accepting.
aeeebf4e922e51aa7f83,816,safety_comments,"Usually I am concerned about being safe in the weather. It is hard to want to walk to class when the streets get salted, but not the sidewalks. I also do not want to go home on foot/bike in the dark due to visibility concerns.",Student,Lighting and personal security | Maintenance and weather resilience,Lighting and personal security | Maintenance and weather resilience,Suggested,Automated provisional suggestion; read in context before accepting.
7106c2ba2e98f752ae42,816,network_comments,"I am mostly satisfied, but there could be improvements in the bus offerings, especially in running later into the evening. I also think that many of the metered parking areas are needlessly enforced during downtimes- I think weekends and after 7p, the meters could be free like they are in downtown champaign.",Student,Transit reach and hours | Road-user conduct and enforcement | Parking access and affordability,Transit reach and hours | Parking access and affordability,AI reviewed,Wants later bus service and less restrictive metered parking in evenings and weekends.
84b160e3e039c3137e1f,817,network_comments,"It's somehow both poorly optimized for pedestrians at key locations (e.g., lack of any elevated crossings or tunnels, no traffic lights at high-volume mid-road crossings) and poorly optimized for cars (e.g., lots of one ways that force cars to loop back instead of providing through routes closer to the periphery of campus)",Faculty,Crossings and motor-vehicle exposure,Crossings and motor-vehicle exposure,Suggested,Automated provisional suggestion; read in context before accepting.
